mode,arm,population,n,delta_mae,ci_lo,ci_hi,source
A,trust,Q_std,33,-3.807008838665606,-8.38804768887748,-0.3584467238301816,saved results.csv (verified in v1_verify.py)
A,trust,Q_nll,33,-3.818802627281642,-8.454302743562017,-0.3442685342082559,saved results.csv (verified in v1_verify.py)
A,trust,UNION,50,-2.3594557942022134,-5.563247801006055,-0.0480901102901716,saved results.csv (verified in v1_verify.py)
A,trust,all129,129,-0.7596214050602025,-2.0050235852729466,0.164522611600658,saved results.csv (verified in v1_verify.py)
A,trust,gradient12,12,0.6746062513398594,0.0030000669522735,1.4748999133179572,saved results.csv (verified in v1_verify.py)
A,naive,Q_std,33,-0.7922336876994435,-3.2976234772953235,1.4420117462946915,saved results.csv (verified in v1_verify.py)
A,naive,Q_nll,33,-0.5383801342790107,-3.1797035009058403,1.766918095143706,saved results.csv (verified in v1_verify.py)
A,naive,UNION,50,-0.2417571969299765,-1.999996782467364,1.258304373307351,saved results.csv (verified in v1_verify.py)
A,naive,all129,129,0.0423143368080813,-0.6541315546165005,0.6605183787848492,saved results.csv (verified in v1_verify.py)
A,naive,gradient12,12,0.539524811129517,-0.1190884026544768,1.3432708340054311,saved results.csv (verified in v1_verify.py)
A,random,Q_std,33,0.7330575893589086,-0.6810801097519508,2.373128568935696,saved results.csv (verified in v1_verify.py)
A,random,Q_nll,33,0.6921356746037457,-0.6737525364930792,2.326718816172525,saved results.csv (verified in v1_verify.py)
A,random,UNION,50,0.5357642097415681,-0.4200191183864057,1.6178009414731458,saved results.csv (verified in v1_verify.py)
A,random,all129,129,0.1869672923331703,-0.1956182708241335,0.639798966645699,saved results.csv (verified in v1_verify.py)
A,random,gradient12,12,0.0167928590395713,-0.1260861971073266,0.1273531854459686,saved results.csv (verified in v1_verify.py)
B,trust,Q_std,33,-3.807008926266372,-8.456502412462171,-0.3597053419885555,saved results.csv (verified in v1_verify.py)
B,trust,Q_nll,33,-3.8188027472435153,-8.41701662074475,-0.3717212576969856,saved results.csv (verified in v1_verify.py)
B,trust,UNION,50,-2.359455866621857,-5.4783547661229175,-0.0583914362506058,saved results.csv (verified in v1_verify.py)
B,trust,all129,129,-0.7596214123952705,-2.029995574897771,0.1680593771693704,saved results.csv (verified in v1_verify.py)
B,trust,gradient12,12,0.674606296043343,0.0103005772113429,1.488046987223528,saved results.csv (verified in v1_verify.py)
B,naive,Q_std,33,-0.7922333776348774,-3.4650773400670145,1.4924770399329708,saved results.csv (verified in v1_verify.py)
B,naive,Q_nll,33,-0.5383798460393774,-3.191885638345119,1.7479508560226285,saved results.csv (verified in v1_verify.py)
B,naive,UNION,50,-0.2417570001353075,-1.9830700631032367,1.2910957563509549,saved results.csv (verified in v1_verify.py)
B,naive,all129,129,0.0423144398070637,-0.669663306038598,0.6405510914350113,saved results.csv (verified in v1_verify.py)
B,naive,gradient12,12,0.5395249502070215,-0.1152659543465733,1.3429855963261537,saved results.csv (verified in v1_verify.py)
B,random,Q_std,33,-1.0777800358906968,-2.3188452129405435,0.0543525946412102,saved results.csv (verified in v1_verify.py)
B,random,Q_nll,33,-1.4086546077623403,-2.621452102635786,-0.3896228698585972,saved results.csv (verified in v1_verify.py)
B,random,UNION,50,-0.7367065379308569,-1.6095254294235437,0.0208665472633611,saved results.csv (verified in v1_verify.py)
B,random,all129,129,-0.288026379647985,-0.6468253951971273,0.0377794607645068,saved results.csv (verified in v1_verify.py)
B,random,gradient12,12,0.0581701278241181,-0.3926109956015198,0.5277275395143184,saved results.csv (verified in v1_verify.py)
A,randElig_trust,Q_std,33,-6.118252095455574,-12.348557328162675,-1.6044915042258097,this run
A,randElig_trust,Q_nll,33,-6.048528949261574,-12.226939814033459,-1.555406407657514,this run
A,randElig_trust,UNION,50,-3.991822317030188,-8.156918919728074,-0.913529334580025,this run
A,randElig_trust,all129,129,-1.4949723280614842,-3.1374413331191016,-0.27204506614437635,this run
A,randElig_trust,gradient12,12,0.31334208043103406,-0.2312826803149434,0.9066498534056131,this run
A,randAll_trust,Q_std,33,-6.012418432584734,-12.240073568982359,-1.524501623754054,this run
A,randAll_trust,Q_nll,33,-5.935857884147121,-12.249208162261503,-1.4040005592536138,this run
A,randAll_trust,UNION,50,-3.9122364171257913,-8.15527910252716,-0.8742609800260506,this run
A,randAll_trust,all129,129,-1.4897206480110827,-3.1829730181964244,-0.2878195462237984,this run
A,randAll_trust,gradient12,12,0.2155044617709375,-0.1332788700792589,0.6788626453371662,this run
A,randElig_equal,Q_std,33,-5.905531130144728,-11.906428161323277,-1.5166402869558344,this run
A,randElig_equal,Q_nll,33,-5.809058970027281,-11.803712649560545,-1.4386520018533306,this run
A,randElig_equal,UNION,50,-3.804985596937771,-7.997588624417672,-0.8288081176668581,this run
A,randElig_equal,all129,129,-1.4743242878352212,-3.1484008481211236,-0.29681995556016794,this run
A,randElig_equal,gradient12,12,0.3475988683700621,-0.1754445200668076,0.9258143583105525,this run
A,randAll_equal,Q_std,33,-6.196883888520088,-12.261265315056422,-1.7585058311990631,this run
A,randAll_equal,Q_nll,33,-5.816955870542351,-12.098847408621074,-1.2987043021648816,this run
A,randAll_equal,UNION,50,-3.9721564575773085,-8.18781623526293,-0.9793115922767968,this run
A,randAll_equal,all129,129,-1.5681832484726126,-3.251568799428487,-0.37431187837629176,this run
A,randAll_equal,gradient12,12,0.0552811329924616,-0.41384180299009987,0.5938028063058072,this run
A,shrink_poolmean,Q_std,33,-6.303690276155118,-12.476812347741282,-1.8297304821729599,this run
A,shrink_poolmean,Q_nll,33,-6.065322364594745,-12.295465267563415,-1.569267024189915,this run
A,shrink_poolmean,UNION,50,-4.103266180329404,-8.275425759504152,-1.0654031056546804,this run
A,shrink_poolmean,all129,129,-1.6289596721675108,-3.312858212760722,-0.41693979747245113,this run
A,shrink_poolmean,gradient12,12,0.21713830234574596,-0.27252383101517763,0.7434157245324703,this run
B,randElig_trust,Q_std,33,-6.118252095455574,-12.467447812363035,-1.5545601930874284,this run
B,randElig_trust,Q_nll,33,-6.048528949261574,-12.357066752571347,-1.6084010154248967,this run
B,randElig_trust,UNION,50,-3.991822317030188,-8.180625532865287,-0.9225598478662722,this run
B,randElig_trust,all129,129,-1.4949723280614842,-3.1986134523518177,-0.2885548308022167,this run
B,randElig_trust,gradient12,12,0.31334208043103406,-0.24603829558430468,0.9009605539362113,this run
B,randAll_trust,Q_std,33,-6.012418432584734,-12.255322526707884,-1.5493088789392246,this run
B,randAll_trust,Q_nll,33,-5.935857884147121,-12.032720255981824,-1.4790420561427755,this run
B,randAll_trust,UNION,50,-3.9122364171257913,-8.151914258128048,-0.8425222238060093,this run
B,randAll_trust,all129,129,-1.4897206480110827,-3.186646984227818,-0.2915875245184523,this run
B,randAll_trust,gradient12,12,0.21550446177093752,-0.13624316560635188,0.6818144310474513,this run
B,randElig_equal,Q_std,33,-5.905531130144728,-12.083496798216963,-1.5204784320815024,this run
B,randElig_equal,Q_nll,33,-5.809058970027281,-12.039375120536508,-1.4423620421651224,this run
B,randElig_equal,UNION,50,-3.804985596937771,-8.013172326956953,-0.872462993037768,this run
B,randElig_equal,all129,129,-1.4743242878352212,-3.121028359058338,-0.2888335782978075,this run
B,randElig_equal,gradient12,12,0.347598868370062,-0.1756272011065811,0.9281150979992718,this run
B,randAll_equal,Q_std,33,-6.196883888520088,-12.25635439038652,-1.736704595549772,this run
B,randAll_equal,Q_nll,33,-5.816955870542351,-12.102005301090506,-1.3597917672574014,this run
B,randAll_equal,UNION,50,-3.9721564575773085,-8.237481573068063,-0.9899363048079655,this run
B,randAll_equal,all129,129,-1.5681832484726126,-3.2417042857919367,-0.3671820090383708,this run
B,randAll_equal,gradient12,12,0.05528113299246168,-0.40962129927632984,0.6319154428349415,this run
B,shrink_poolmean,Q_std,33,-6.303690276155118,-12.586672132962146,-1.8884502856288514,this run
B,shrink_poolmean,Q_nll,33,-6.065322364594744,-12.174507729090529,-1.523087716818977,this run
B,shrink_poolmean,UNION,50,-4.103266180329405,-8.3660702594619,-1.1027719874530513,this run
B,shrink_poolmean,all129,129,-1.6289596721675108,-3.3357650639953227,-0.4394639522131121,this run
B,shrink_poolmean,gradient12,12,0.21713830234574594,-0.26019553612195634,0.7352316908006149,this run
