mol_id,dG_pred_kcal,dG_GBn2_kcal,dG_expt_kcal,in_model_vocab,dG_exp_kcal,functional_group,smiles
mobley_1017962,-2.0369709197692574,-33.977413177490234,-2.49,True,-2.49,carboxylic acid ester,CCCCCC(=O)OC
mobley_1019269,-1.121819708287716,-18.113378524780277,-4.72,True,-4.72,primary alcohol,CCCCO
mobley_1034539,-2.298216341655701,-8.963714599609375,-3.04,True,-3.04,aryl chloride,c1cc(c(cc1c2cc(c(c(c2Cl)Cl)Cl)Cl)Cl)Cl
mobley_1036761,-2.5704078689217567,-12.796867370605469,-4.59,True,-4.59,primary amine,C1CCC(CC1)N
mobley_1046331,-2.193464197278023,-34.002803802490234,-3.82,True,-3.82,carboxylic acid ester,c1ccc(cc1)OC=O
mobley_1075836,-1.5122525060102343,-32.82574844360352,-2.93,True,-2.93,carboxylic acid ester,CCC(=O)OC
mobley_1079207,-1.3775825418010357,-3.855616807937622,-0.98,True,-0.98,aryl chloride,c1cc(cc(c1)Cl)Cl
mobley_1139153,-4.822272370755672,-3.138599157333374,2.89,True,2.89,,CC(C)CC(C)(C)C
mobley_1144156,-0.6794121961463243,-15.356330871582031,-1.59,True,-1.59,dialkyl ether,CCOCC
mobley_1160109,-4.185280134342611,-13.527750015258787,-3.75,True,-3.75,ketone,C[C@@H]1CC[C@H](CC1=O)C(=C)C
mobley_1178614,-1.6408557138592006,-32.05906677246094,-4.55,True,-4.55,phenol or hydroxyhetarene,c1ccc(c(c1)O)Cl
mobley_1189457,-2.1998177113942803,-5.207815647125244,-2.73,True,-2.73,thioether,CSc1ccccc1
mobley_1231151,-1.3496555321067571,-2.440631628036499,-0.25,True,-0.25,alkyl chloride,CC(C)Cl
mobley_1235151,-1.6813724027462305,-26.005098342895508,-2.82,True,-2.82,nitro,CCCCC[N+](=O)[O-]
mobley_1244778,-2.4082993625439704,-18.524776458740234,-5.48,True,-5.48,secondary alcohol,C1CCCC(CC1)O
mobley_1261349,-3.4995830638185144,-2.040440797805786,2.51,True,2.51,,CC(C)(C)C
mobley_1278715,-0.7747249590158463,-13.730135917663574,-0.64,True,-0.64,halogen derivative,C(C(Cl)(Cl)Cl)(Cl)(Cl)Cl
mobley_129464,-2.1642965178675952,-16.870317459106445,-0.83,True,-0.83,dialkyl ether,CCCCOCCCC
mobley_1323538,-1.8887948198840023,-40.18085479736328,-7.5,True,-7.5,phosphoric acid ester,CCOP(=O)(OCC)OCC
mobley_1328465,-0.5927210655100644,-6.280257225036621,-1.99,True,-1.99,alkyl chloride,C(C(Cl)Cl)Cl
mobley_1328936,-2.671309659007937,-56.70708465576172,-6.88,True,-6.88,carboxylic acid ester,COC(=O)c1ccc(cc1)[N+](=O)[O-]
mobley_1352110,-4.124187158994377,-24.539493560791016,-3.64,True,-3.64,thiocarbamic acid ester,CCCCN(CC)C(=O)SCCC
mobley_1363784,-2.047494877871126,-10.051213264465332,-4.84,True,-4.84,aromatic,Cc1cc(cnc1)C
mobley_1396156,-1.9257176729515195,-37.27364349365234,-5.22,True,-5.22,aryl chloride,c1(c(c(c(c(c1Cl)Cl)Cl)Cl)Cl)N(=O)=O
mobley_1417007,-3.658531393200159,-36.19292831420898,-9.01,True,-9.01,halogen derivative,C1C=CC[C@@H]2[C@@H]1C(=O)N(C2=O)SC(Cl)(Cl)Cl
mobley_1424265,-2.2760107419528066,-4.656894207000732,-0.83,True,-0.83,aromatic,Cc1cccc(c1)C
mobley_1449384,-3.2730561199188237,-5.258766174316406,-0.68,True,-0.68,aromatic,Cc1ccc(cc1)C(C)C
mobley_1469079,-2.318677340846509,-47.334774017333984,-3.56,True,-3.56,diaryl ether,c1ccc2c(c1)Oc3cc(c(cc3O2)Cl)Cl
mobley_1502181,-2.707705214560032,-12.59344482421875,-2.49,True,-2.49,ketone,CCCCCCCC(=O)C
mobley_1520842,-1.624284070763737,-10.248597145080566,-4.93,True,-4.93,aromatic,Cc1ccncc1
mobley_1527293,-4.945781290128827,-48.89820861816406,-8.42,True,-8.42,aryl fluoride,C[C@@H](c1ccc(c(c1)F)c2ccccc2)C(=O)O
mobley_1563176,-1.1299363788403571,-4.326741218566895,-0.99,True,-0.99,thiol (sulfanyl),CCCCS
mobley_1571523,-2.675720127310604,-31.390424728393555,-6.16,True,-6.16,phenol or hydroxyhetarene,Cc1cccc(c1C)O
mobley_1592519,-2.3696155866235498,-33.69562149047852,-2.23,True,-2.23,carboxylic acid ester,CCCCCC(=O)OCC
mobley_1615431,-1.9243610287085176,-15.174201965332031,-0.53,True,-0.53,dialkyl ether,CC(C)OC(C)C
mobley_1636752,-0.490915790906176,-17.491682052612305,-5.1,True,-5.1,primary alcohol,CO
mobley_1650157,-2.70088711507991,-17.16294288635254,-4.47,True,-4.47,tertiary alcohol,CC(C)(C)O
mobley_1659169,-1.4051191039215774,-24.859298706054688,-7.17,True,-7.17,dialkyl ether,C1COCCN1
mobley_1662128,-1.0965363164562731,-3.2755489349365234,1.38,True,1.38,alkene,CCC=C
mobley_1674094,-1.744752911206335,-5.652794361114502,0.29,True,0.29,alkyne,CCCCC#C
mobley_1708457,-2.0190364471226934,-13.32243537902832,-10.08,True,-10.08,sulfone,CS(=O)(=O)C
mobley_1717215,-0.7835635065678508,-34.63048553466797,-2.78,True,-2.78,carboxylic acid ester,COC=O
mobley_1722522,-1.7238290447928013,-32.928611755371094,-2.49,True,-2.49,carboxylic acid ester,CCCC(=O)OCC
mobley_1723043,-2.183164628408849,-81.78970336914062,3.43,True,3.43,alkyl fluoride,C1(C(C(C1(F)F)(F)F)(F)F)(F)F
mobley_1728386,-2.5014119597785176,-28.39838981628418,-11.0,True,-11.0,primary carboxylic acid amide,c1ccc(cc1)C(=O)N
mobley_172879,-2.5960464864335955,-46.22705459594727,-3.15,True,-3.15,diaryl ether,c1ccc2c(c1)Oc3ccccc3O2
mobley_1735893,-1.9274433739110828,-38.883602142333984,-6.21,True,-6.21,carboxylic acid,CCCCCC(=O)O
mobley_1743409,-2.926014289394021,-65.39393615722656,-5.71,True,-5.71,carboxylic acid ester,CCOC(=O)CCC(=O)OCC
mobley_1755375,-2.760135150473565,-31.449386596679688,-5.26,True,-5.26,phenol or hydroxyhetarene,Cc1cccc(c1O)C
mobley_1760914,-1.808164689835161,-4.067453384399414,-1.14,True,-1.14,aryl chloride,Cc1ccccc1Cl
mobley_1770205,-3.889295616775751,-46.5885124206543,-10.03,True,-10.03,oxo(het)arene,COP(=S)(OC)SCn1c(=O)c2ccccc2nn1
mobley_1781152,-3.925099272705615,-33.28179168701172,-2.4,True,-2.4,carboxylic acid ester,CC(C)(C)C(=O)OC
mobley_1800170,-0.7487726089321077,-3.580358028411865,-1.14,True,-1.14,thiol (sulfanyl),CCS
mobley_1803862,-2.1987261763289574,-2.1169586181640625,2.38,True,2.38,,CCC(C)C
mobley_1821184,-2.1833146221302453,-17.535720825195312,-5.88,True,-5.88,aromatic,Cc1c[nH]c2c1cccc2
mobley_1827204,-1.6962198912091555,-12.711981773376465,-2.81,True,-2.81,aldehyde,CCCCCC=O
mobley_1838110,-0.6449998050034047,-31.88196563720703,1.77,True,1.77,halogen derivative,C(C(F)(Cl)Cl)(F)(F)Cl
mobley_1849020,-3.134483569927513,-28.843137741088867,-6.5,True,-6.5,aryl chloride,CCOP(=S)(OCC)SCSc1ccc(cc1)Cl
mobley_1855337,-1.1095150687098505,-5.13634729385376,-1.62,True,-1.62,aryl chloride,c1c(cc(c(c1Cl)Cl)Cl)Cl
mobley_1857976,-0.4794691480593756,-4.145979881286621,-1.79,True,-1.79,alkyl chloride,C(CCl)Cl
mobley_1858644,-2.081039693646133,-21.456941604614254,-6.79,True,-6.79,primary alcohol,c1ccc(cc1)CCO
mobley_186894,-0.919398456376046,-3.944588422775269,-1.1,True,-1.1,thiol (sulfanyl),CCCS
mobley_1873346,-1.9100769187249245,-4.743374824523926,-0.9,True,-0.9,aromatic,Cc1ccccc1
mobley_1875719,-2.0172540475055576,-11.057425498962402,-3.41,True,-3.41,ketone,CCC(=O)CC
mobley_1881249,-2.0792643384076657,-11.103333473205566,-3.52,True,-3.52,ketone,CCCC(=O)C
mobley_1893815,-0.7789042514283211,-8.149069786071777,-1.43,True,-1.43,alkyl chloride,C(C(Cl)(Cl)Cl)Cl
mobley_1893937,-1.3677159444987774,-3.866628885269165,0.0,True,0.0,alkyl chloride,CCCCCCCl
mobley_1896013,-2.995925452321768,-79.78965759277344,-20.52,True,-20.52,hemiacetal,C1[C@H]([C@@H]([C@H]([C@H](O1)O)O)O)O
mobley_1899443,-2.1139209633134306,-3.6639909744262695,1.47,True,1.47,alkene,CCCC(=C)C
mobley_1903702,-1.7912021696306766,-17.655654907226562,-4.62,True,-4.62,secondary alcohol,CC[C@H](C)O
mobley_1922649,-3.1057297907173638,-66.14033508300781,-7.19,True,-7.19,nitro,COP(=S)(OC)Oc1ccc(cc1)[N+](=O)[O-]
mobley_1923244,-1.1449586881641298,-1.773234486579895,2.1,True,2.1,,CCCC
mobley_1929982,-0.2068702065758407,-3.9945223331451416,-0.7,True,-0.7,,S
mobley_1944394,-4.929117382854224,-31.83942413330078,-9.34,True,-9.34,dialkyl ether,CN(C)CCOC(c1ccccc1)c2ccccc2
mobley_1952272,-0.5457897825893014,-26.41969871520996,-4.02,True,-4.02,nitro,C[N+](=O)[O-]
mobley_1963873,-1.19471949181892,-23.795982360839844,-10.0,True,-10.0,secondary carboxylic acid amide,CC(=O)NC
mobley_1967551,-0.6266793949035928,-11.283743858337402,-3.5,True,-3.5,aldehyde,CC=O
mobley_197466,-1.5272362430654467,-10.747156143188477,-4.61,True,-4.61,ketone,CC(=O)C1CC1
mobley_1976156,-2.271779132142663,-13.855774879455566,-2.07,True,-2.07,aldehyde,CCCCCCCCC=O
mobley_1977493,-0.9996484476979822,-2.7590506076812744,-0.33,True,-0.33,alkyl chloride,CCCCl
mobley_1987439,-2.736930967140943,-4.569351196289063,-0.9,True,-0.9,aromatic,Cc1cc(cc(c1)C)C
mobley_2005792,-3.284330562070012,-7.771832466125488,-2.7,True,-2.7,aromatic,c1ccc(cc1)c2ccccc2
mobley_2008055,-0.6247548620607705,-1.0080500841140747,1.83,True,1.83,,CC
mobley_2023925,-0.8647991954609752,-53.50486755371094,0.1,True,0.1,alkyl chloride,[C@@H](C(F)(F)F)(OC(F)F)Cl
mobley_2043882,-3.2555444818064574,-11.832822799682615,-3.9,True,-3.9,ketone,CC(=O)C1CCCCC1
mobley_2049967,-1.501323238413781,-2.926994562149048,-1.5,True,-1.5,thioether,CCSC
mobley_20524,-1.7609690709002317,-31.726089477539062,-6.6,True,-6.6,phenol or hydroxyhetarene,c1ccc(cc1)O
mobley_2068538,-0.9940934396758676,-1.394995093345642,2.0,True,2.0,,CCC
mobley_2078467,-5.246279364466667,-43.09811782836914,-7.0,True,-7.0,carboxylic acid,C[C@@H](c1ccc(cc1)CC(C)C)C(=O)O
mobley_2099370,-5.557751893512905,-54.45999526977539,-10.78,True,-10.78,ketone,C[C@@H](c1cccc(c1)C(=O)c2ccccc2)C(=O)O
mobley_2123854,-2.206397848326713,-35.259765625,-10.17,True,-10.17,phenol or hydroxyhetarene,c1cc(ccc1C#N)O
mobley_2126135,-2.511089389741421,-32.03451156616211,-5.66,True,-5.66,phenol or hydroxyhetarene,CCc1ccccc1O
mobley_2143011,-2.1923340040370825,-3.570854663848877,1.83,True,1.83,alkene,CC(C)C=C
mobley_2146331,-0.5460140000078827,-12.189513206481934,-2.75,True,-2.75,aldehyde,C=O
mobley_2178600,-1.371137794390321,-3.5238094329833984,-0.1,True,-0.1,alkyl chloride,CCCCCCl
mobley_2183616,-3.1326688692569733,-5.73211145401001,-0.45,True,-0.45,aromatic,CC[C@H](C)c1ccccc1
mobley_2197088,-2.264089935105294,-4.052779197692871,3.16,True,3.16,,CCCCCCCCCC
mobley_2198613,-0.6039418157506734,-2.3660519123077397,-0.63,True,-0.63,alkyl chloride,CCCl
mobley_2213823,-2.4917695798948407,-2.4953088760375977,2.51,True,2.51,,CCC(C)CC
mobley_2245668,-1.9632183368839324,-18.171293258666992,-4.5,True,-4.5,primary alcohol,CC(C)CO
mobley_2261979,-2.186877187781036,-5.825392723083496,-3.15,True,-3.15,aromatic,c1cc2cccc3c2c(c1)CC3
mobley_2269032,-4.432701392628252,-66.61397552490234,-10.21,True,-10.21,alkyl aryl ether,C[C@@H](c1ccc2cc(ccc2c1)OC)C(=O)O
mobley_2279874,-1.1516816885322332,-38.54963302612305,-4.42,True,-4.42,orthocarboxylic acid derivative,COC(OC)OC
mobley_2294995,-0.8134461045060307,-34.351497650146484,-2.56,True,-2.56,carboxylic acid ester,CCOC=O
mobley_2295058,-2.429475967518985,-63.368309020996094,-9.51,True,-9.51,phenol or hydroxyhetarene,COC(=O)c1ccc(cc1)O
mobley_2310185,-0.6916310145743192,-17.401851654052734,-5.0,True,-5.0,primary alcohol,CCO
mobley_2316618,-4.486813904158772,-57.4034538269043,-14.21,True,-14.21,ketone,c1ccc2c(c1)C(=O)c3cccc(c3C2=O)NCCO
mobley_2328633,-2.16769706280902,-3.796995162963867,2.55,True,2.55,,CCCCCC1CCCC1
mobley_2341732,-1.866254010844976,-33.59577560424805,-2.56,True,-2.56,carboxylic acid ester,CCCCC(=O)OC
mobley_2354112,-2.3187527672424912,-31.929651260375977,-6.25,True,-6.25,phenol or hydroxyhetarene,CCc1cccc(c1)O
mobley_2364370,-1.4179255266189577,-32.964481353759766,-2.64,True,-2.64,carboxylic acid ester,CCCCOC(=O)C
mobley_2371092,-2.1342816230617463,-10.108654975891112,-5.22,True,-5.22,aromatic,Cc1ccncc1C
mobley_2390199,-2.472729483425617,-11.80294132232666,-2.92,True,-2.92,ketone,CCCC(=O)CCC
mobley_2402487,-2.217156676322222,-67.46967315673828,-6.0,True,-6.0,carboxylic acid ester,CCOC(=O)CC(=O)OCC
mobley_2410897,-0.945997600691393,-11.79885196685791,-4.5,True,-4.5,primary amine,CCN
mobley_2422586,-1.0034177057277411,-15.687010765075684,-1.66,True,-1.66,dialkyl ether,CCCOC
mobley_242480,-4.511509433999658,-58.04824447631836,-11.85,True,-11.85,ketone,c1ccc2c(c1)C(=O)c3c(ccc(c3C2=O)N)N
mobley_2451097,-2.0658142141327263,-7.843488216400146,-4.1,True,-4.1,carbonitrile,c1ccc(cc1)C#N
mobley_2457863,-2.107599750250578,-55.10027694702149,-7.66,True,-7.66,phenol or hydroxyhetarene,COc1cccc(c1)O
mobley_2481002,-0.8913233429156244,-33.78901290893555,-1.45,True,-1.45,halogen derivative,C([N+](=O)[O-])(Cl)(Cl)Cl
mobley_2484519,-1.808005074523389,-6.237120151519775,-1.93,True,-1.93,alkyl chloride,c1ccc(cc1)CCl
mobley_2487143,-2.016543424330652,-11.448710441589355,-3.28,True,-3.28,ketone,CCCCC(=O)C
mobley_2489709,-1.3293900573775173,-4.365280628204346,-1.36,True,-1.36,aryl chloride,c1ccc(c(c1)Cl)Cl
mobley_2492140,-0.7440014168974013,-11.152379035949709,-1.23,True,-1.23,alkyl chloride,C(C(Cl)(Cl)Cl)(Cl)Cl
mobley_2493732,-0.4977823419664055,-2.6505820751190186,0.25,True,0.25,ketene acetal or derivative,C=C(Cl)Cl
mobley_2501588,-5.487552082873881,-91.42015075683594,-2.45,True,-2.45,tertiary amine,CCC[N@@](CC1CC1)c2c(cc(cc2[N+](=O)[O-])C(F)(F)F)[N+](=O)[O-]
mobley_2518989,-4.413426598079503,-57.37955093383789,-5.74,True,-5.74,alkyl chloride,CCOP(=S)(OCC)S[C@@H](CCl)N1C(=O)c2ccccc2C1=O
mobley_2523689,-3.4166638543307783,-42.27950286865234,-16.43,True,-16.43,primary amine,c1ccc(cc1)n2c(=O)c(c(cn2)N)Cl
mobley_252413,-3.996448176138103,-2.795918226242065,2.88,True,2.88,,CCCC(C)(C)C
mobley_2577969,-3.476701203763485,-7.690021514892578,-4.52,True,-4.52,aromatic,c1cc2ccc3cccc4c3c2c(c1)cc4
mobley_2607611,-1.9138588909991088,-33.702510833740234,-2.26,True,-2.26,carboxylic acid ester,CCCCCCOC(=O)C
mobley_2609604,-4.192920020729304,-2.8051207065582275,2.56,True,2.56,,CCC(C)(C)CC
mobley_2613240,-2.376197269883007,-54.181243896484375,-5.33,True,-5.33,alkyl aryl ether,COc1ccccc1OC
mobley_2636578,-0.989984161514789,-35.88502883911133,-4.8,True,-4.8,anion,C(CO[N+](=O)[O-])CO[N+](=O)[O-]
mobley_2659552,-3.830827273830772,-25.62720489501953,-9.76,True,-9.76,tertiary carboxylic acid amide,Cc1ccc(cc1)C(=O)N(C)C
mobley_2661134,-2.2064232768155634,-35.498233795166016,-9.65,True,-9.65,phenol or hydroxyhetarene,c1cc(cc(c1)O)C#N
mobley_2681549,-1.2883997628856452,-3.867043972015381,-0.78,True,-0.78,aryl chloride,c1c(cc(cc1Cl)Cl)Cl
mobley_2689721,-1.9853880274370317,-2.357414484024048,1.23,True,1.23,,C1CCCCC1
mobley_2693089,-2.738349292650819,-17.104516983032227,-5.04,True,-5.04,aromatic,CC(C)Cc1cnccn1
mobley_2725215,-6.41298654088378,-82.63856506347656,-7.98,True,-7.98,tertiary amine,CCCN(CCC)c1c(cc(cc1[N+](=O)[O-])S(=O)(=O)C)[N+](=O)[O-]
mobley_2725802,-1.856080725349486,-22.51759910583496,-9.8,True,-9.8,tertiary carboxylic acid amide,CC(=O)N1CCCC1
mobley_2751110,-2.1399117997586727,-52.84431838989258,-10.64,True,-10.64,phenol or hydroxyhetarene,c1cc(ccc1[N+](=O)[O-])O
mobley_2763835,-1.96126584129408,-27.45529556274414,-2.22,True,-2.22,alkyl aryl ether,CCOc1ccccc1
mobley_2771569,-1.9654184166118505,-20.54096031188965,-7.77,True,-7.77,secondary amine,CN1CCNCC1
mobley_2782339,-2.303785180713981,-33.85154724121094,-9.61,True,-9.61,"carboxylic acid imide, N-unsubstituted",c1ccc2c(c1)C(=O)NC2=O
mobley_2784376,-0.2574308908376843,-1.1225110292434692,0.75,True,0.75,,C1CC1
mobley_2789243,-1.2240706687029452,-10.17577075958252,-4.01,True,-4.01,aryl chloride,c1cc(cnc1)Cl
mobley_2792521,-1.2705047215782106,-13.497035026550291,-3.68,True,-3.68,aldehyde,CCC/C=C/C=O
mobley_282648,-2.4356114495247603,-6.284667015075684,-2.4,True,-2.4,aromatic,c1ccc2ccccc2c1
mobley_2837389,-0.9727499172892422,-16.652748107910156,-4.78,True,-4.78,aromatic,c1cc[nH]c1
mobley_2844990,-2.2052216089032592,-50.04352569580078,-3.84,True,-3.84,diaryl ether,c1cc2c(cc1Cl)Oc3cc(c(c(c3O2)Cl)Cl)Cl
mobley_2845466,-2.040748768504709,-48.5655403137207,-3.37,True,-3.37,diaryl ether,c1c2c(cc(c1Cl)Cl)Oc3cc(c(cc3O2)Cl)Cl
mobley_2850833,-2.056074759274721,-42.44620132446289,-4.68,True,-4.68,aldehyde,c1ccc(c(c1)C=O)O
mobley_2859600,-2.198858988638968,-6.129909992218018,-1.24,True,-1.24,alkene,C=Cc1ccccc1
mobley_2864987,-1.8940963161811235,-18.129323959350582,-4.39,True,-4.39,secondary alcohol,CCC[C@@H](C)O
mobley_2881590,-2.0079621684141458,-18.583620071411133,-1.88,True,-1.88,nitrate,CC(C)CO[N+](=O)[O-]
mobley_2913224,-3.22851193638891,-70.08501434326172,-9.94,True,-9.94,carboxylic acid,CC(=O)Oc1ccccc1C(=O)O
mobley_2923700,-2.2837155740745367,-31.94515037536621,-6.13,True,-6.13,phenol or hydroxyhetarene,CCc1ccc(cc1)O
mobley_2925352,-2.029029155984521,-31.62334251403809,-6.13,True,-6.13,phenol or hydroxyhetarene,Cc1ccc(cc1)O
mobley_2929847,-2.411761073309928,-38.42891693115234,-6.09,True,-6.09,carboxylic acid,CC(C)CC(=O)O
mobley_2958326,-1.7869234827533365,-12.205560684204102,-3.65,True,-3.65,secondary amine,CCCNCCC
mobley_2960202,-2.061141901120544,-53.89144515991211,-3.71,True,-3.71,diaryl ether,c1c2c(cc(c1Cl)Cl)Oc3c(c(c(c(c3Cl)Cl)Cl)Cl)O2
mobley_296847,-1.3677683478035034,-10.351848602294922,-4.69,True,-4.69,aromatic,c1ccncc1
mobley_2972345,-3.3185415011644364,-7.942104816436768,-3.78,True,-3.78,aromatic,c1ccc2c(c1)Cc3ccccc3C2
mobley_2972906,-0.7796903009992093,-4.1647629737854,-1.4,True,-1.4,aromatic,c1ccsc1
mobley_299266,-1.6831730146594346,-2.9690093994140625,1.16,True,1.16,alkene,CC(=C)C
mobley_2996632,-0.0704278079681098,-5.859877586364746,-1.08,True,-1.08,halogen derivative,C(Cl)(Cl)Cl
mobley_3006808,-0.3889753845017403,-38.62125015258789,-4.31,True,-4.31,primary alcohol,C(C(F)(F)F)O
mobley_303222,-0.8894650873672217,-2.9504504203796387,1.32,True,1.32,alkene,CC=C
mobley_3034976,-0.6793665794990957,-37.44145965576172,-6.69,True,-6.69,carboxylic acid,CC(=O)O
mobley_3040612,-2.637319329235703,-4.997089862823486,-0.85,True,-0.85,aromatic,CCc1ccccc1C
mobley_3047364,-3.228928413800896,-44.89352798461914,-7.65,True,-7.65,thioether,CCNc1nc(nc(n1)SC)NC(C)C
mobley_3053621,-1.648676176879555,-4.828832149505615,-0.9,True,-0.9,aromatic,c1ccccc1
mobley_3060426,-5.310813776515425,-3.5124711990356445,2.93,True,2.93,,CC(C)CCC(C)(C)C
mobley_3083321,-0.7272123430408538,-28.033037185668945,-2.93,True,-2.93,acetal,COCOC
mobley_3105103,-5.817663694247604,-42.39342498779297,-11.14,True,-11.14,aryl chloride,Cc1c(c(=O)n(c(=O)[nH]1)C(C)(C)C)Cl
mobley_313406,-0.8912309069223703,-17.80460548400879,-4.85,True,-4.85,primary alcohol,CCCO
mobley_3144334,-2.491849988900125,-31.39325523376465,-5.91,True,-5.91,phenol or hydroxyhetarene,Cc1ccc(c(c1)O)C
mobley_3151666,-2.421479223217815,-20.44745445251465,-3.64,True,-3.64,primary alcohol,CCCCCCCCCCO
mobley_3167746,-1.805364978849888,-3.2830734252929688,2.88,True,2.88,,CCCCCCCC
mobley_3169935,-1.88734591146186,-20.013628005981445,-4.91,True,-4.91,primary amine,c1ccc(c(c1)N)Cl
mobley_3183805,-2.7401313486397267,-4.584551811218262,-0.86,True,-0.86,aromatic,Cc1ccc(c(c1)C)C
mobley_3187514,-2.457756742473692,-20.11185836791992,-5.53,True,-5.53,primary amine,Cc1ccccc1N
mobley_3201701,-4.77820239418,-64.4277114868164,-9.41,True,-9.41,tertiary amine,Cc1c(nc(nc1OC(=O)N(C)C)N(C)C)C
mobley_3210206,-1.6484687972441316,-35.60029983520508,-4.95,True,-4.95,nitrate,C[C@@H](CO[N+](=O)[O-])O[N+](=O)[O-]
mobley_3211679,-1.906010422278196,-3.513451337814331,0.14,True,0.14,alkene,C1CCC=CC1
mobley_3234716,-2.1476820930577816,-4.657707214355469,-0.8,True,-0.8,aromatic,Cc1ccc(cc1)C
mobley_3259411,-1.4164169127922506,-51.08512878417969,-13.43,True,-13.43,primary alcohol,C(C(CO)O)O
mobley_3264884,-2.8192307867482307,-21.68954467773437,-7.47,True,-7.47,primary amine,c1ccc2cc(ccc2c1)N
mobley_3265457,-2.841120248481632,-92.82047271728516,-7.78,True,-7.78,aldehyde,COc1cc(c(c(c1O)OC)Cl)C=O
mobley_3266352,-3.01723383872211,-37.80201721191406,-1.92,True,-1.92,tertiary amine,CN(CC(F)(F)F)c1ccccc1
mobley_3269565,-1.492991628404707,-15.266310691833496,-2.01,True,-2.01,dialkyl ether,CC(C)OC
mobley_3269819,-2.22993827188015,-9.696439743041992,-3.17,True,-3.17,aryl chloride,c1c(cc(c(c1Cl)Cl)Cl)c2cc(c(c(c2Cl)Cl)Cl)Cl
mobley_3274817,-4.152862247340382,-83.8455581665039,-6.23,True,-6.23,phenol or hydroxyhetarene,CC[C@@H](C)c1cc(cc(c1O)[N+](=O)[O-])[N+](=O)[O-]
mobley_3318135,-3.1416042340621355,-12.67835521697998,-2.64,True,-2.64,ketone,CCCCC(=O)CCCC
mobley_3323117,-1.936823909085244,-77.54035949707031,-8.61,True,-8.61,cation,C1CC[S+2](C1)([O-])[O-]
mobley_3325209,-4.037875995270908,-40.57086944580078,-4.04,True,-4.04,orthocarboxylic acid derivative,COC(c1ccccc1)(OC)OC
mobley_3359593,-2.6890333157368005,-55.91978454589844,-5.26,True,-5.26,phenol or hydroxyhetarene,CCCc1ccc(c(c1)OC)O
mobley_3370989,-0.1235572528310585,-13.835821151733398,-0.11,True,-0.11,alkyl fluoride,CC(F)F
mobley_337666,-1.5824516293928028,-50.84467697143555,-16.92,True,-16.92,aryl fluoride,c1c(c(=O)[nH]c(=O)[nH]1)F
mobley_3378420,-2.118745675444603,-20.01775932312012,-3.88,True,-3.88,primary alcohol,CCCCCCCCCO
mobley_3395921,-1.496399389538914,-15.493589401245115,-3.12,True,-3.12,dialkyl ether,C1CCOCC1
mobley_3414356,-3.3119816382974387,-17.930801391601562,-3.92,True,-3.92,tertiary alcohol,CCCC(C)(C)O
mobley_3425174,-0.1180346425077878,-9.534384727478027,-0.77,True,-0.77,alkyl fluoride,C(F)Cl
mobley_3452749,-3.008973359756172,-4.597479820251465,-1.21,True,-1.21,aromatic,Cc1cccc(c1C)C
mobley_349850,-2.772625864736736,-13.57785415649414,-4.7,True,-4.7,ketone,Cc1ccc(cc1)C(=O)C
mobley_3515580,-2.210701276436448,-57.994873046875,-5.94,True,-5.94,phenol or hydroxyhetarene,COc1ccccc1O
mobley_352111,-2.0042987478785217,-65.07406616210938,-6.34,True,-6.34,carboxylic acid ester,CC(=O)OCCOC(=O)C
mobley_3525176,-2.646925971783698,-6.190183639526367,-0.23,True,-0.23,aromatic,CCCCCc1ccccc1
mobley_3546460,-1.6925954724773766,-18.93695068359375,-4.4,True,-4.4,primary alcohol,CCCCCCO
mobley_3572203,-2.325614163879305,-33.724727630615234,-2.11,True,-2.11,carboxylic acid ester,CCCCCOC(=O)CC
mobley_3573480,-2.1840948300212624,-11.826933860778809,-3.04,True,-3.04,ketone,CCCCCC(=O)C
mobley_3589456,-2.389334005214274,-40.30804443359375,-4.59,True,-4.59,alkyl chloride,COC(CCl)(OC)OC
mobley_36119,-2.036353935286402,-19.798736572265625,-4.09,True,-4.09,primary alcohol,CCCCCCCCO
mobley_3639400,-1.0229668015092612,-3.105992555618286,-0.16,True,-0.16,alkyl chloride,CCCCCl
mobley_3663158,-2.589679055374116,-33.300655364990234,-8.11,True,-8.11,phenol or hydroxyhetarene,c1ccc2cc(ccc2c1)O
mobley_3682850,-2.102089156176895,-10.993117332458496,-4.91,True,-4.91,ketone,C1CCC(=O)CC1
mobley_3686115,-1.0657574501931668,-27.500545501708984,-3.28,True,-3.28,acetal,CCOC(C)OCC
mobley_3690931,-2.017181198321283,-33.22802734375,-2.28,True,-2.28,carboxylic acid ester,CCCC(=O)OCCC
mobley_3709920,-2.175013079591096,-5.186306476593018,2.06,True,2.06,alkene,CCCCCCCC=C
mobley_3715043,-3.3345020014569164,-6.11367654800415,-2.82,True,-2.82,aromatic,Cc1ccc(c2c1cccc2)C
mobley_3727287,-1.815301676310599,-21.73615837097168,-6.5,True,-6.5,ketone,C1=CC(=O)C=CC1=O
mobley_3746675,-2.9480195538401603,-6.025344371795654,-1.24,True,-1.24,alkene,CC(=C)c1ccccc1
mobley_3761215,-0.9686409827563912,-5.076323509216309,-0.19,True,-0.19,halogen derivative,CC(Cl)(Cl)Cl
mobley_3762186,-0.1513230901481583,-4.121206283569336,-1.31,True,-1.31,alkyl chloride,C(Cl)Cl
mobley_3775790,-1.1987814351916313,-15.582151412963867,-2.89,True,-2.89,aromatic,Cn1cccc1
mobley_3777264,-2.3957198203839365,-40.54914093017578,-8.84,True,-8.84,primary amine,c1cc(cc(c1)[N+](=O)[O-])N
mobley_3802803,-1.473661681525409,-19.376972198486328,-1.66,True,-1.66,nitrate,CCCCCCO[N+](=O)[O-]
mobley_3843583,-2.8483190880380573,-21.76189613342285,-7.28,True,-7.28,primary amine,c1ccc2c(c1)cccc2N
mobley_3867265,-1.2299672431834043,-10.31851291656494,-3.8,True,-3.8,ketone,CC(=O)C
mobley_3968043,-1.181136211605743,-10.6973876953125,-4.7,True,-4.7,ketone,C1CCC(=O)C1
mobley_3968739,-2.304219870422036,-36.11841583251953,-3.92,True,-3.92,carboxylic acid ester,COC(=O)c1ccccc1
mobley_3969312,-2.037312658041716,-14.80322265625,-4.02,True,-4.02,aldehyde,c1ccc(cc1)C=O
mobley_397645,-2.3333628086000684,-35.83533477783203,-3.64,True,-3.64,carboxylic acid ester,CCOC(=O)c1ccccc1
mobley_3976574,-2.2135341475456958,-52.80836868286133,-4.15,True,-4.15,diaryl ether,c1cc2c(cc1Cl)Oc3c(c(c(c(c3Cl)Cl)Cl)Cl)O2
mobley_3980099,-1.2137032332587987,-4.890650272369385,-1.24,True,-1.24,aryl chloride,c1cc(c(c(c1)Cl)Cl)Cl
mobley_3982371,-0.9396666801311075,-32.55635070800781,-3.13,True,-3.13,carboxylic acid ester,CC(=O)OC
mobley_3999471,-0.7407012973055244,-3.838132619857788,-0.84,True,-0.84,alkyl chloride,CC(Cl)Cl
mobley_4013838,-3.672106082707644,-11.518139839172363,-2.74,True,-2.74,ketone,CC(C)C(=O)C(C)C
mobley_4035953,-2.1847980651892724,-31.66758155822754,-5.9,True,-5.9,phenol or hydroxyhetarene,Cc1ccccc1O
mobley_4043951,-1.309402577884495,-3.644968032836914,1.68,True,1.68,alkene,CCCC=C
mobley_4043987,-2.526049072820693,-2.869640827178955,2.93,True,2.93,,CCCCC(C)C
mobley_4059279,-2.320132778204977,-20.137807846069336,-7.58,True,-7.58,tertiary amine,CN1CCN(CC1)C
mobley_4149784,-2.342603487085551,-46.529422760009766,-3.67,True,-3.67,diaryl ether,c1cc2c(cc1Cl)Oc3ccc(cc3O2)Cl
mobley_4177472,-4.512974321134388,-3.17582106590271,2.56,True,2.56,,CC(C)C(C)C(C)C
mobley_4188615,-3.5776440574228765,-25.72547721862793,-9.29,True,-9.29,tertiary carboxylic acid amide,CN(C)C(=O)c1ccccc1
mobley_4193752,-2.010026343178004,-24.311199188232425,-4.12,True,-4.12,nitro,c1ccc(cc1)[N+](=O)[O-]
mobley_4218209,-2.3098328657075764,-43.22774124145508,-7.48,True,-7.48,alkyl aryl ether,COc1ccc(cc1)N
mobley_4219614,-1.0871277755815536,-5.654289245605469,-1.34,True,-1.34,aryl chloride,c1cc(c(c(c1Cl)Cl)Cl)Cl
mobley_4252724,-3.2810561286881565,-5.781609535217285,0.16,True,0.16,aromatic,CC(C)Cc1ccccc1
mobley_4287564,-1.5981868813820184,-9.922658920288086,-4.63,True,-4.63,aromatic,Cc1ccccn1
mobley_4291494,-1.1800901213735342,-9.68950653076172,-4.39,True,-4.39,aryl chloride,c1ccnc(c1)Cl
mobley_430089,-1.57077325225994,-5.270758628845215,0.01,True,0.01,alkyne,CCCC#C
mobley_4305650,-1.0702588081620634,-5.363134384155273,-3.84,True,-3.84,carbonitrile,CCC#N
mobley_4338603,-1.421044468227774,-43.1132926940918,-15.83,True,-15.83,aryl chloride,c1c(=O)[nH]c(=O)[nH]c1Cl
mobley_4371692,-4.512334485374391,-71.8637466430664,-9.53,True,-9.53,ketone,c1ccc2c(c1)C(=O)c3c(ccc(c3C2=O)O)N
mobley_4375719,-2.174530625559389,-3.6690542697906494,3.13,True,3.13,,CCCCCCCCC
mobley_4395315,-1.9791326191797851,-31.297138214111328,-6.79,True,-6.79,phenol or hydroxyhetarene,Cc1cc(ccc1Cl)O
mobley_4434915,-0.3592484501507133,-2.233629941940308,-0.55,True,-0.55,alkyl chloride,CCl
mobley_4463913,-2.0472137899808587,-61.08690643310547,-4.97,True,-4.97,carboxylic acid ester,CC(OC(=O)C)OC(=O)C
mobley_4465023,-0.3850788122136146,-3.270235300064087,-1.17,True,-1.17,halogen derivative,C(=C\Cl)\Cl
mobley_4479135,-4.034209825709462,-9.07882595062256,-2.78,True,-2.78,alkene,C=C(c1ccccc1)c2ccccc2
mobley_4483973,-1.481095734603703,-7.893316268920898,-0.8,True,-0.8,aryl fluoride,c1ccc(cc1)F
mobley_4553008,-1.3334345616176726,-3.762838125228882,-1.01,True,-1.01,aryl chloride,c1cc(ccc1Cl)Cl
mobley_4561957,-3.298980120673776,-2.4625236988067627,2.34,True,2.34,,CC(C)C(C)C
mobley_4584540,-1.9070959438495336,-9.495623588562012,-4.59,True,-4.59,aromatic,Cc1cccc(n1)C
mobley_4587267,-3.601023491151631,-101.15767669677734,-23.62,True,-23.62,primary alcohol,C([C@H]([C@H]([C@@H]([C@@H](CO)O)O)O)O)O
mobley_4603202,-0.5697097005667165,-18.289039611816406,-4.23,True,-4.23,dialkyl ether,C(CCl)OCCCl
mobley_4609460,-2.45753785129264,-63.08131408691406,-9.2,True,-9.2,phenol or hydroxyhetarene,CCOC(=O)c1ccc(cc1)O
mobley_4613090,-2.297442319072783,-24.101993560791016,-7.63,True,-7.63,aromatic,c1ccc(cc1)Cn2ccnc2
mobley_4620651,-1.5467534673288466,-32.960418701171875,-4.1,True,-4.1,carboxylic acid ester,COC(=O)C1CC1
mobley_4630641,-0.6927408478427679,-29.31749153137207,-4.84,True,-4.84,dialkyl ether,COCCOC
mobley_4639255,-0.7603855248875916,-34.197811126708984,-9.3,True,-9.3,primary alcohol,C(CO)O
mobley_4678740,-1.6503967234157026,-43.37689971923828,1.07,True,1.07,halogen derivative,c1cc(cc(c1)C(F)(F)F)C(F)(F)F
mobley_4683624,-2.418072321154177,-32.31461715698242,-5.21,True,-5.21,phenol or hydroxyhetarene,CCCc1ccc(cc1)O
mobley_4687447,-1.0762721303328873,-32.20775604248047,-6.4,True,-6.4,primary alcohol,CCCOCCO
mobley_468867,-3.4854747196733955,-16.784950256347656,-2.55,True,-2.55,alkyl chloride,C1=C[C@@H]([C@@H]2[C@H]1[C@@]3(C(=C([C@]2(C3(Cl)Cl)Cl)Cl)Cl)Cl)Cl
mobley_4690963,-0.8949272298607975,-29.236652374267575,-3.54,True,-3.54,dialkyl ether,CCOCCOCC
mobley_4694328,-2.135292749121785,-13.56174087524414,-2.29,True,-2.29,aldehyde,CCCCCCCC=O
mobley_4699732,-1.2658665995746852,-4.192957878112793,-1.27,True,-1.27,alkyl chloride,C[C@@H](CCl)Cl
mobley_4715906,-3.683878442160785,-3.023678064346313,1.58,True,1.58,,C[C@@H]1CCCC[C@@H]1C
mobley_4762983,-1.644227565843612,-4.400968074798584,1.66,True,1.66,alkene,CCCCCC=C
mobley_4780078,-2.58213572851941,-31.3992862701416,-6.01,True,-6.01,phenol or hydroxyhetarene,Cc1ccc(c(c1)C)O
mobley_4792268,-1.7295970164090395,-38.49842834472656,-6.16,True,-6.16,carboxylic acid,CCCCC(=O)O
mobley_4845722,-0.934351610518992,-8.700759887695312,-2.33,True,-2.33,aryl chloride,c1(c(c(c(c(c1Cl)Cl)Cl)Cl)Cl)Cl
mobley_4850657,-1.134692623047158,-12.267057418823242,-4.87,True,-4.87,sulfonyl halide,CS(=O)(=O)Cl
mobley_486214,-2.3562389987893404,-82.45346069335938,-6.96,True,-6.96,phenol or hydroxyhetarene,COc1cccc(c1O)OC
mobley_4883284,-1.9881679797992111,-20.192176818847656,-5.49,True,-5.49,primary amine,c1ccc(cc1)N
mobley_4884177,-1.9040680637210607,-10.521221160888672,-4.59,True,-4.59,aromatic,CCc1cccnc1
mobley_4893032,-1.501840055268258,-6.117457866668701,-3.52,True,-3.52,carbonitrile,CCCCC#N
mobley_4924862,-2.242452696491033,-35.34794616699219,-2.13,True,-2.13,carboxylic acid ester,CC(C)CCOC=O
mobley_49274,-1.9368661753572525,-6.031856060028076,0.6,True,0.6,alkyne,CCCCCC#C
mobley_4934872,-2.3155003260672093,-51.05272674560547,-5.23,True,-5.23,orthocarboxylic acid derivative,CCOC(OCC)Oc1ccccc1
mobley_4936555,-4.759132058426738,-56.8687744140625,-6.78,True,-6.78,secondary amine,Cc1cccc(c1C)Nc2ccccc2C(=O)O
mobley_4964807,-1.39124279473722,-30.300195693969727,-5.99,True,-5.99,ketone,CC(=O)CO[N+](=O)[O-]
mobley_4983965,-1.7515192946381868,-3.157029867172241,-1.46,True,-1.46,thioether,CCSCC
mobley_5003962,-4.159943737857044,-41.51509094238281,-11.53,True,-11.53,ketone,c1ccc2c(c1)C(=O)c3ccc(cc3C2=O)N
mobley_5006685,-3.753075545631349,-15.316476821899414,-4.09,True,-4.09,aldehyde,CC(=C)[C@H]1CCC(=CC1)C=O
mobley_5026370,-1.789635912168771,-13.858136177062988,-6.02,True,-6.02,carbonitrile,c1cnccc1C#N
mobley_5052949,-1.9219662835896016,-3.893487453460693,-1.28,True,-1.28,thioether,CCCSCCC
mobley_5056289,-0.8424117305185647,-15.078776359558104,-3.3,True,-3.3,dialkyl ether,C[C@H]1CCCO1
mobley_5063386,-2.0568302259333437,-55.333377838134766,-4.58,True,-4.58,phenol or hydroxyhetarene,c1ccc(c(c1)[N+](=O)[O-])O
mobley_5072416,-2.291518512055278,-43.87131118774414,-6.12,True,-6.12,alkyl aryl ether,COc1ccccc1N
mobley_5076071,-5.933754367440939,-109.42930603027344,-5.66,True,-5.66,primary amine,CCN(CC)c1c(cc(c(c1[N+](=O)[O-])N)C(F)(F)F)[N+](=O)[O-]
mobley_5079234,-1.637942433744669,-19.334243774414062,-4.21,True,-4.21,primary alcohol,CCCCCCCO
mobley_5094777,-1.657609479915351,-4.728121280670166,-1.46,True,-1.46,aromatic,c1ccc2c(c1)CCC2
mobley_5110043,-3.06046811144799,-6.101094722747803,-2.63,True,-2.63,aromatic,Cc1ccc2cc(ccc2c1)C
mobley_511661,-1.0558504765741528,-4.398338794708252,0.56,True,0.56,alkene,C=CC=C
mobley_5123639,-2.853243108727038,-18.486980438232425,-3.73,True,-3.73,secondary alcohol,C[C@H](CC(C)C)O
mobley_5157661,-1.946455464679748,-1.737493872642517,2.3,True,2.3,,CC(C)C
mobley_5200358,-4.230487176723779,-40.760440826416016,-9.84,True,-9.84,thioether,CC(C)(/C=N\OC(=O)NC)SC
mobley_5220185,-1.615609004341066,-16.37385368347168,-5.45,True,-5.45,aromatic,CCc1cnccn1
mobley_525934,-0.4810009567914531,-3.353612184524536,-1.2,True,-1.2,thiol (sulfanyl),CS
mobley_5263791,-3.117414868600666,-6.524318218231201,-2.4,True,-2.4,aromatic,CCc1cccc2c1cccc2
mobley_52782,-0.8710367350503803,-36.63591003417969,-5.73,True,-5.73,nitrate,C(CO[N+](=O)[O-])O[N+](=O)[O-]
mobley_5282042,-5.942982159867883,-18.890382766723636,-7.43,True,-7.43,tertiary amine,CN(C)CCC=C1c2ccccc2CCc3c1cccc3
mobley_5286200,-1.2124241630882024,-4.611579895019531,-2.32,True,-2.32,alkyl chloride,C(CCCl)CCl
mobley_5310099,-1.4725636175237595,-4.023210048675537,1.58,True,1.58,alkene,CCCCC=C
mobley_5311804,-2.0432598317787054,-20.80367851257324,-6.62,True,-6.62,primary alcohol,c1ccc(cc1)CO
mobley_5326154,-2.7601854920089246,-18.3476676940918,-3.45,True,-3.45,tertiary amine,CN(C)c1ccccc1
mobley_5346580,-4.1464666387662295,-11.0525484085083,-3.11,True,-3.11,ketone,CC(=O)C(C)(C)C
mobley_5347550,-0.9172241487652064,-31.7471981048584,-1.12,True,-1.12,alkyl chloride,COC(C(Cl)Cl)(F)F
mobley_5371840,-2.4691731030829254,-46.36342239379883,-3.1,True,-3.1,diaryl ether,c1ccc2c(c1)Oc3ccc(cc3O2)Cl
mobley_5390332,-1.680107507240027,-33.20530319213867,-2.83,True,-2.83,carboxylic acid ester,CCCC(=O)OC
mobley_5393242,-3.813957189619541,-54.729736328125,-6.48,True,-6.48,thiophosphoric acid ester,CCOP(=S)(OCC)Oc1cc(nc(n1)C(C)C)C
mobley_5445548,-3.0343637058734894,-5.344624042510986,-0.3,True,-0.3,aromatic,CC(C)c1ccccc1
mobley_5449201,-1.3487569442912937,-2.150707721710205,2.3,True,2.3,,CCCCC
mobley_5456566,-2.1474381170161068,-13.703182220458984,-2.98,True,-2.98,aryl chloride,c1(c(c(c(c(c1Cl)Cl)Cl)Cl)Cl)c2c(c(c(c(c2Cl)Cl)Cl)Cl)Cl
mobley_5467162,-4.687557047620416,-32.449153900146484,-5.91,True,-5.91,phenol or hydroxyhetarene,CC(C)(C)c1ccc(cc1)O
mobley_5471704,-2.4065332852676518,-33.27468490600586,-2.21,True,-2.21,carboxylic acid ester,CC(C)CCOC(=O)C
mobley_547634,-3.2966286727115515,-6.113976955413818,-2.78,True,-2.78,aromatic,Cc1cc2ccccc2cc1C
mobley_5494918,-0.4308166742995382,-47.135135650634766,2.93,True,2.93,halogen derivative,C(=C(F)F)(C(F)(F)F)F
mobley_5499659,-0.9507051355969162,-20.4132080078125,-8.41,True,-8.41,aromatic,Cn1ccnc1
mobley_550662,-2.423593052260578,-37.05399703979492,-4.42,True,-4.42,orthocarboxylic acid derivative,CC(OC)(OC)OC
mobley_5510474,-2.341920182354748,-52.55991363525391,-3.81,True,-3.81,diaryl ether,c1ccc2c(c1)Oc3c(c(c(c(c3Cl)Cl)Cl)Cl)O2
mobley_5518547,-2.242149616394192,-20.09998893737793,-5.57,True,-5.57,primary amine,Cc1ccc(cc1)N
mobley_5520946,-1.648952969416976,-6.01682710647583,-2.55,True,-2.55,thiol (sulfanyl),c1ccc(cc1)S
mobley_5538249,-2.753129086352885,-7.412552833557129,-2.16,True,-2.16,aryl chloride,c1ccc(cc1)c2c(cc(cc2Cl)Cl)Cl
mobley_5561855,-2.467041061744094,-7.103357791900635,-1.96,True,-1.96,aryl chloride,c1cc(c(c(c1)Cl)c2c(cc(cc2Cl)Cl)Cl)Cl
mobley_5571660,-3.042263031572104,-20.03361320495605,-5.21,True,-5.21,primary amine,Cc1cccc(c1N)C
mobley_5600967,-3.901718808092177,-48.81419372558594,-11.01,True,-11.01,alkyl aryl ether,CN(C)C(=O)c1ccc(cc1)OC
mobley_5616693,-4.737713367365301,-12.370728492736816,-2.53,True,-2.53,ketone,C[C@@H]1CC[C@H](C(=O)C1)C(C)C
mobley_5627459,-2.0447161282077437,-11.862312316894531,-2.86,True,-2.86,aldehyde,CC(C)C=O
mobley_5631798,-0.7714494088422508,-12.251495361328123,-4.29,True,-4.29,,N
mobley_5665561,-3.3148413124084475,-6.105854034423828,-2.47,True,-2.47,aromatic,Cc1cc(c2ccccc2c1)C
mobley_5690766,-1.4246980953589083,-5.518054962158203,1.01,True,1.01,alkene,C=CCCC=C
mobley_5692472,-0.8419280737880618,-11.137205123901367,-4.29,True,-4.29,secondary amine,CNC
mobley_5708811,-2.962218959465623,-67.95394897460938,-9.86,True,-9.86,alkyl aryl ether,COc1c(ccc(c1C(=O)O)Cl)Cl
mobley_5732611,-0.9137682796791196,-21.18836212158203,-10.27,True,-10.27,aromatic,Cc1c[nH]cn1
mobley_5747188,-2.7539565431252124,-24.08992576599121,-3.58,True,-3.58,nitro,Cc1ccccc1[N+](=O)[O-]
mobley_5747981,-2.525346181280911,-52.80915451049805,-5.73,True,-5.73,dialkyl ether,COCC(OC)(OC)OC
mobley_5759258,-1.2935906968005002,-18.49469566345215,-4.57,True,-4.57,primary alcohol,CCCCCO
mobley_5760563,-1.3820053807199002,-25.577491760253903,-5.1,True,-5.1,sulfuric acid diester,COS(=O)(=O)OC
mobley_5816127,-0.7681724841557444,-31.904239654541016,-6.619999999999999,True,-6.619999999999999,primary alcohol,COCCO
mobley_5852491,-1.398300231277943,-2.278364896774292,1.59,True,1.59,,CC1CCCC1
mobley_5857,-2.1448849592842163,-11.353721618652344,-5.72,True,-5.72,aromatic,c1ccc2c(c1)cccn2
mobley_5880265,-1.3086562173739076,-32.68256378173828,-6.25,True,-6.25,primary alcohol,CCCCOCCO
mobley_588781,-2.8043095900304618,-6.568279266357422,-0.04,True,-0.04,aromatic,CCCCCCc1ccccc1
mobley_5890803,-1.853614505559206,-32.84861373901367,-2.44,True,-2.44,carboxylic acid ester,CCCOC(=O)CC
mobley_590519,-1.5733006378747525,-2.836007833480835,-1.64,True,-1.64,disulfide,CCSSCC
mobley_5917842,-2.3026792132630947,-55.23062896728516,-5.8,True,-5.8,phenol or hydroxyhetarene,Cc1ccc(c(c1)OC)O
mobley_5935995,-3.8747000078037375,-2.422074317932129,2.51,True,2.51,,CCC(C)(C)C
mobley_5948990,-2.4689296424835923,-41.506927490234375,-7.37,True,-7.37,primary amine,c1ccc(c(c1)N)[N+](=O)[O-]
mobley_5952846,-0.1124828023083973,-5.1412763595581055,0.1,True,0.1,halogen derivative,C(=C(Cl)Cl)(Cl)Cl
mobley_5973402,-2.110977787543088,-18.432058334350582,-4.42,True,-4.42,primary alcohol,CC(C)CCO
mobley_5977084,-1.6552968619428576,-10.202061653137209,-4.77,True,-4.77,aromatic,Cc1cccnc1
mobley_6006813,-1.5091902630589904,-25.613080978393555,-3.09,True,-3.09,nitro,CCCC[N+](=O)[O-]
mobley_6055410,-3.654375209785998,-80.52637481689453,-9.4,True,-9.4,phenol or hydroxyhetarene,c1cc(c(cc1c2ccc(cc2F)F)C(=O)O)O
mobley_6060301,-1.6678020085915923,-13.31712532043457,-3.95,True,-3.95,primary amine,CCCCCCN
mobley_6081058,-1.6706015477627516,-14.258467674255373,-3.43,True,-3.43,aldehyde,CCCCC/C=C/C=O
mobley_6082662,-2.3596555224433544,-40.295997619628906,-9.82,True,-9.82,primary amine,c1cc(ccc1N)N(=O)=O
mobley_6091882,-0.6543228683564812,-2.8884551525115967,1.28,True,1.28,alkene,C=C
mobley_6102880,-3.1157963796481494,-26.404184341430664,-2.87,True,-2.87,diaryl ether,c1ccc(cc1)Oc2ccccc2
mobley_6115639,-1.9383320933766663,-40.35245895385742,-8.7,True,-8.7,phosphoric acid ester,COP(=O)(OC)OC
mobley_6175884,-2.287810248035937,-14.707357406616213,-4.27,True,-4.27,aldehyde,Cc1ccc(cc1)C=O
mobley_6190089,-0.640706256205216,-8.785019874572754,-2.37,True,-2.37,alkyl chloride,C(C(Cl)Cl)(Cl)Cl
mobley_6195751,-3.46966816482693,-95.9385757446289,-8.68,True,-8.68,aldehyde,COc1c(c(c(c(c1Cl)C=O)Cl)OC)O
mobley_6198745,-3.638398215338588,-97.74283599853516,-8.84,True,-8.84,carboxylic acid ester,CC(=O)OCC(COC(=O)C)OC(=O)C
mobley_6201330,-2.7717207479849457,-63.42742156982422,-9.37,True,-9.37,phenol or hydroxyhetarene,CCCOC(=O)c1ccc(cc1)O
mobley_6232400,-1.787225875593722,-20.88337135314941,-7.1,True,-7.1,aldehyde,c1cc(cnc1)C=O
mobley_6235784,-1.5432268108278513,-2.82522964477539,0.0,True,0.0,alkyl chloride,CC[C@H](C)Cl
mobley_6239320,-1.3631166524849834,-61.25918197631836,-18.06,True,-18.06,oxo(het)arene,c1(=O)[nH]c(=O)[nH]c(=O)[nH]1
mobley_6248915,-2.032937411632389,-14.080192565917969,-3.65,True,-3.65,primary amine,CCCCCCCCN
mobley_6257907,-1.88878537010774,-19.73690795898437,-5.82,True,-5.82,primary amine,c1cc(cc(c1)Cl)N
mobley_6266306,-0.1851884251525625,-10.92612648010254,-5.56,True,-5.56,secondary amine,C1CNC1
mobley_628086,-1.3904390483126046,-38.51969909667969,-4.16,True,-4.16,secondary alcohol,C[C@@H](C(F)(F)F)O
mobley_628951,-2.55946640252322,-7.027656078338623,-2.28,True,-2.28,aryl chloride,c1cc(c(c(c1)Cl)c2c(cccc2Cl)Cl)Cl
mobley_6303022,-1.8681511822901664,-10.56903839111328,-4.73,True,-4.73,aromatic,CCc1ccncc1
mobley_6309289,-1.8629029483683408,-11.706859588623049,-5.11,True,-5.11,secondary amine,C1CCNCC1
mobley_632905,-2.840715282615274,-36.69438934326172,-4.4,True,-4.4,ketone,CC(=O)c1ccc(cc1)OC
mobley_6334915,-3.274243355445564,-56.919212341308594,-12.74,True,-12.74,halogen derivative,COP(=O)([C@H](C(Cl)(Cl)Cl)O)OC
mobley_6338073,-5.032835721708834,-44.96540069580078,-6.68,True,-6.68,thioether,CCNc1nc(nc(n1)SC)NC(C)(C)C
mobley_6353617,-2.294894143950194,-19.679407119750977,-8.26,True,-8.26,ketone,CC(=O)c1cccnc1
mobley_6358463,-2.09071729542315,-44.79395294189453,1.07,True,1.07,halogen derivative,c1ccc(c(c1)C(F)(F)F)C(F)(F)F
mobley_6359135,-0.0485107378542888,-7.381512641906738,0.08,True,0.08,halogen derivative,C(Cl)(Cl)(Cl)Cl
mobley_6359156,-2.8011987236849967,-7.03324556350708,-2.46,True,-2.46,aryl chloride,c1ccc(cc1)c2cc(ccc2Cl)Cl
mobley_63712,-2.203173928294331,-11.277287483215332,-3.88,True,-3.88,tertiary amine,CN1CCCCC1
mobley_637522,-3.298656422883272,-7.757176399230957,-3.95,True,-3.95,aromatic,c1ccc2cc3ccccc3cc2c1
mobley_6416775,-1.736947224199772,-3.031716823577881,2.13,True,2.13,,CCCC1CCCC1
mobley_6430250,-2.305110382974148,-5.433573246002197,-0.53,True,-0.53,aromatic,CCCc1ccccc1
mobley_6456034,-3.7789902684241534,-33.448211669921875,-1.69,True,-1.69,carboxylic acid ester,CC(C)COC(=O)C(C)C
mobley_646007,-0.6319434786774218,-11.313358306884766,-5.48,True,-5.48,secondary amine,C1CCNC1
mobley_6474572,-0.5361521275937557,-2.631492376327514,-0.59,True,-0.59,halogen derivative,C=CCl
mobley_6497672,-0.8912807330153882,-12.79660701751709,-4.22,True,-4.22,aldehyde,C/C=C/C=O
mobley_6522117,-3.276347047455609,-53.3119010925293,-7.07,True,-7.07,aryl chloride,CCOP(=O)(OCC)O/C(=C/Cl)/c1ccc(cc1Cl)Cl
mobley_6571751,-2.0823174752108757,-3.517457962036133,0.67,True,0.67,alkene,CC1=CCCCC1
mobley_6619554,-1.9098817378915849,-33.319026947021484,-2.49,True,-2.49,carboxylic acid ester,CCCCC(=O)OCC
mobley_6620221,-4.49492112493515,-68.74803924560547,-9.61,True,-9.61,alkyl aryl ether,CC1(Cc2cccc(c2O1)OC(=O)NC)C
mobley_6632459,-1.2341315877679735,-11.656781196594238,-3.43,True,-3.43,aldehyde,CCC=O
mobley_667278,-2.248940053801984,-9.853031158447266,-4.4,True,-4.4,aryl chloride,c1cc(c(c(c1c2cc(c(c(c2Cl)Cl)Cl)Cl)Cl)Cl)Cl
mobley_6688723,-2.773743859175593,-83.18389129638672,-6.44,True,-6.44,phenol or hydroxyhetarene,COc1c(cc(c(c1O)OC)Cl)Cl
mobley_6714389,-0.6467310040146113,-11.657496452331545,-4.55,True,-4.55,primary amine,CN
mobley_6727159,-0.8544551267363132,-35.08919143676758,-8.18,True,-8.18,primary alcohol,C(CO[N+](=O)[O-])O
mobley_6733657,-3.0375608229041102,-18.03206825256348,-3.44,True,-3.44,alkyl chloride,C1[C@H]([C@@H]2[C@H]([C@H]1Cl)[C@]3(C(=C([C@@]2(C3(Cl)Cl)Cl)Cl)Cl)Cl)Cl
mobley_6739648,-0.829234017521143,-29.171239852905277,-5.06,True,-5.06,dialkyl ether,C1COCCO1
mobley_6743808,-2.567778769351542,-31.52044677734375,-6.5,True,-6.5,phenol or hydroxyhetarene,Cc1ccc(cc1C)O
mobley_676247,0.6049694359656423,-30.209604263305664,3.12,True,3.12,halogen derivative,C(F)(F)(F)F
mobley_6794076,-2.241686233729124,-19.48194122314453,-7.62,True,-7.62,ketone,CC(=O)c1ccncc1
mobley_6804509,-1.04001308109425,-5.035666942596436,-1.34,True,-1.34,aryl chloride,c1c(c(cc(c1Cl)Cl)Cl)Cl
mobley_6812653,-1.5029322775900364,-2.528101921081543,2.48,True,2.48,,CCCCCC
mobley_6843802,-2.0058579609617597,-50.839805603027344,-1.29,True,-1.29,alkyl fluoride,c1ccc(cc1)O[C@@H](C(F)F)F
mobley_6854178,-1.7355776938982308,-34.01127243041992,-2.02,True,-2.02,carboxylic acid ester,CC(C)OC=O
mobley_6861308,-3.482766929239035,-36.3017578125,-9.13,True,-9.13,urea,CN(C)C(=O)Nc1ccccc1
mobley_6896128,-2.8948887881562118,-3.2594237327575684,2.97,True,2.97,,CCCC[C@@H](C)CC
mobley_6911232,-0.6676157397637144,-15.366836547851562,-2.1,True,-2.1,dialkyl ether,CCOC
mobley_6917738,-1.0662701435089113,-26.28757095336914,-6.55,True,-6.55,dialkyl ether,COCCN
mobley_6929123,-0.9702715846039356,-36.00062561035156,-4.0,True,-4.0,alkyl chloride,COC(=O)CCl
mobley_6935906,-4.993939068101347,-35.78999328613281,-2.49,True,-2.49,carboxylic acid ester,CC(=CCC[C@](C)(C=C)OC(=O)C)C
mobley_6973347,-1.000812144691125,-32.28002166748047,-2.94,True,-2.94,carboxylic acid ester,CCOC(=O)C
mobley_6978427,-3.5562490767091512,-34.03619384765625,-3.3,True,-3.3,carboxylic acid ester,COC(=O)C1CCCCC1
mobley_6981465,-1.853108684808016,-31.95303726196289,-2.64,True,-2.64,carboxylic acid ester,CC(C)OC(=O)C
mobley_6988468,-1.8851070017442109,-10.244739532470703,-4.33,True,-4.33,aromatic,CCc1ccccn1
mobley_7009711,-2.477214519053698,-31.498851776123047,-6.27,True,-6.27,phenol or hydroxyhetarene,Cc1cc(cc(c1)O)C
mobley_7010316,-2.23437159145996,-18.162132263183597,-5.46,True,-5.46,secondary alcohol,C1CCC(CC1)O
mobley_7015518,-0.660506673081778,-15.37611484527588,-1.91,True,-1.91,dialkyl ether,COC
mobley_7017274,-3.3133884522616865,-7.779980659484863,-3.88,True,-3.88,aromatic,c1ccc2c(c1)ccc3c2cccc3
mobley_7039935,-2.646469805311412,-33.30589294433594,-7.67,True,-7.67,phenol or hydroxyhetarene,c1ccc2c(c1)cccc2O
mobley_7047032,-2.6794538198187947,-2.4653937816619877,1.09,True,1.09,alkyl chloride,CC(C)(C)Cl
mobley_7066554,-1.6208838694505394,-31.4360466003418,-7.03,True,-7.03,phenol or hydroxyhetarene,c1cc(ccc1O)Cl
mobley_7099614,-0.7701504941415042,-4.2741379737854,-0.57,True,-0.57,alkyl chloride,C=CCCl
mobley_7106722,-2.351045917198062,-2.4925904273986816,2.51,True,2.51,,CCCC(C)C
mobley_7142697,-1.5049509216137231,-12.903519630432127,-4.09,True,-4.09,primary amine,CCCCCN
mobley_7157427,-1.6884155787155033,-4.280776500701904,0.29,True,0.29,alkyl chloride,CCCCCCCCl
mobley_7176248,-5.605467765584589,-91.44084167480467,-3.25,True,-3.25,tertiary amine,CCCN(CCC)c1c(cc(cc1[N+](=O)[O-])C(F)(F)F)[N+](=O)[O-]
mobley_7176290,-2.1578443824499844,-53.592132568359375,-9.62,True,-9.62,phenol or hydroxyhetarene,c1cc(cc(c1)O)[N+](=O)[O-]
mobley_718988,-1.807620554536581,-13.660345077514648,-3.79,True,-3.79,primary amine,CCCCCCCN
mobley_7200804,-1.7512442202419043,-37.59023666381836,-5.29,True,-5.29,phenol or hydroxyhetarene,c1ccc(c(c1)O)F
mobley_7203421,-2.210267102170736,-26.556276321411133,-9.31,True,-9.31,primary carboxylic acid amide,CCCCCC(=O)N
mobley_7227357,-2.189437046263367,-18.048254013061523,-4.35,True,-4.35,secondary alcohol,CCC(CC)O
mobley_7239499,-2.5697871045283973,-47.5252799987793,-3.52,True,-3.52,diaryl ether,c1ccc2c(c1)Oc3cccc(c3O2)Cl
mobley_7261305,-0.7722849408779293,-18.90046119689941,-9.3,True,-9.3,hydrazine derivative,NN
mobley_7295828,-1.9623164846003056,-27.697303771972656,-2.45,True,-2.45,alkyl aryl ether,COc1ccccc1
mobley_7298388,-2.345527935117483,-24.154949188232425,-3.45,True,-3.45,nitro,Cc1cccc(c1)[N+](=O)[O-]
mobley_7326706,-2.200851516917348,-52.77243423461914,-5.04,True,-5.04,aryl chloride,CCOP(=S)(OCC)Oc1c(cc(c(n1)Cl)Cl)Cl
mobley_7326982,-1.4483775165304542,-17.265342712402344,-4.74,True,-4.74,secondary alcohol,CC(C)O
mobley_7360181,-2.940992700211704,-63.53438568115234,-0.8,True,-0.8,halogen derivative,COC(C(F)(F)F)(OC)OC
mobley_7364468,-4.51827272477746,-12.287257194519045,-5.18,True,-5.18,ketone,CC1=CC(=O)CC(C1)(C)C
mobley_7375018,-3.0197220507189635,-13.39728832244873,-2.15,True,-2.15,ketone,CCCCCCCCCC(=O)C
mobley_7378987,-3.315380121469498,-56.49489974975586,-12.64,True,-12.64,oxo(het)arene,Cn1cnc2c1c(=O)n(c(=O)n2C)C
mobley_7393673,-2.6223828410618006,-59.31184387207031,-5.33,True,-5.33,alkyl aryl ether,COc1ccc(cc1)C(=O)OC
mobley_7415647,-3.933270751960576,-46.21152877807617,-11.95,True,-11.95,tertiary carboxylic acid amide,CN(C)C(=O)c1ccc(cc1)[N+](=O)[O-]
mobley_7417968,-1.0591082439869643,-46.45100784301758,-5.31,True,-5.31,dialkyl ether,CCOCCOC(=O)C
mobley_7455579,-2.135409239090979,-35.0088005065918,-2.22,True,-2.22,carboxylic acid ester,CC(C)COC=O
mobley_7463408,-2.872959980990738,-25.510433197021484,-7.78,True,-7.78,aryl chloride,CCC(=O)Nc1ccc(c(c1)Cl)Cl
mobley_7463799,-2.203519102849066,-21.947830200195312,-6.92,True,-6.92,primary alcohol,c1ccc(cc1)CCCO
mobley_7497999,-2.5265299805253747,-13.67300796508789,-4.58,True,-4.58,ketone,CC(=O)c1ccccc1
mobley_7532833,-0.8674244292136282,-5.2024126052856445,-3.88,True,-3.88,carbonitrile,CC#N
mobley_7542832,-1.4092165269088002,-16.098356246948242,-1.16,True,-1.16,dialkyl ether,CCCOCCC
mobley_755351,-2.3494263973608613,-43.29670333862305,-7.29,True,-7.29,alkyl aryl ether,COc1cccc(c1)N
mobley_7573149,-1.2982092319950462,-32.57941436767578,-2.79,True,-2.79,carboxylic acid ester,CCCOC(=O)C
mobley_7608435,-2.4021448091715576,-34.74033737182617,-2.04,True,-2.04,carboxylic acid ester,CCCCCCCC(=O)OC
mobley_7608462,-1.4977842112965882,-4.176110744476318,-1.12,True,-1.12,aryl chloride,c1ccc(cc1)Cl
mobley_7610437,-3.202328496322036,-18.479225158691406,-3.88,True,-3.88,secondary alcohol,CC[C@H](C(C)C)O
mobley_766666,-0.2408834305787459,-3.808097124099731,-0.44,True,-0.44,halogen derivative,C(=C(Cl)Cl)Cl
mobley_7676709,-4.323810418061912,-12.705533981323242,-4.51,True,-4.51,ketone,CC1=CC(=O)[C@@H](CC1)C(C)C
mobley_7688753,-2.178028932731599,-42.0836296081543,-9.52,True,-9.52,aldehyde,c1cc(cc(c1)O)C=O
mobley_7690440,-1.069605141365901,-2.3816277980804443,-1.83,True,-1.83,disulfide,CSSC
mobley_7735340,-0.6494952353853732,-21.70668601989746,-9.63,True,-9.63,aromatic,c1cnc[nH]1
mobley_7754849,-3.067464038535953,-48.60408401489258,-6.1,True,-6.1,thiophosphoric acid ester,CCOP(=S)(OCC)SCSP(=S)(OCC)OCC
mobley_7758918,-1.1691884299423547,-37.70505142211914,-6.46,True,-6.46,carboxylic acid,CCC(=O)O
mobley_7774695,-2.184332448940724,-19.186567306518555,-4.69,True,-4.69,secondary amine,CNc1ccccc1
mobley_778352,-1.4891861175969243,-3.037588596343994,1.31,True,1.31,alkene,CC=C(C)C
mobley_7794077,-1.900717344872653,-66.62417602539062,-15.46,True,-15.46,halogen derivative,c1c(c(=O)[nH]c(=O)[nH]1)C(F)(F)F
mobley_7814642,-1.194935462160036,-4.281700611114502,-1.12,True,-1.12,aryl chloride,c1cc(c(cc1Cl)Cl)Cl
mobley_7829570,-5.729695898838341,-91.47130584716795,-3.51,True,-3.51,tertiary amine,CCCC[N@](CC)c1c(cc(cc1[N+](=O)[O-])C(F)(F)F)[N+](=O)[O-]
mobley_7859387,-1.6276033476293088,-13.088077545166016,-2.67,True,-2.67,aldehyde,CCCCCCC=O
mobley_7860938,-2.0704559442326427,-12.998282432556152,-3.24,True,-3.24,secondary amine,CCCCNCCCC
mobley_7869158,-1.8028028867840769,-18.13993263244629,-1.82,True,-1.82,nitrate,CC[C@H](C)O[N+](=O)[O-]
mobley_7893124,-4.573897887766361,-5.580711841583252,-0.44,True,-0.44,aromatic,CC(C)(C)c1ccccc1
mobley_7912193,-2.8899587539732456,-63.813514709472656,-8.72,True,-8.72,phenol or hydroxyhetarene,CCCCOC(=O)c1ccc(cc1)O
mobley_7913234,-1.7557127617150543,-32.419769287109375,-5.73,True,-5.73,secondary alcohol,CCCCOC[C@H](C)O
mobley_7943327,-1.558572044778615,-32.54922866821289,-2.68,True,-2.68,carboxylic acid ester,CCC(=O)OCC
mobley_7977115,-2.3071644207052886,-18.423412322998047,-4.06,True,-4.06,secondary alcohol,CCC[C@H](CC)O
mobley_7983227,-2.500855797491968,-18.65959930419922,-4.42,True,-4.42,primary alcohol,CC[C@@H](C)CO
mobley_7988076,-2.163139349810779,-41.98590850830078,-8.83,True,-8.83,aldehyde,c1cc(ccc1C=O)O
mobley_8006582,-0.822742193043232,-1.951399803161621,1.2,True,1.2,,C1CCCC1
mobley_8011706,-1.5494037000350656,-23.96625518798828,-7.81,True,-7.81,tertiary carboxylic acid amide,CN(C)C=O
mobley_8048190,-1.0459758040085436,-25.094444274902344,-9.71,True,-9.71,primary carboxylic acid amide,CC(=O)N
mobley_8052240,-4.132619795702398,-41.89370727539063,-9.44,True,-9.44,ketone,c1ccc2c(c1)C(=O)c3cccc(c3C2=O)N
mobley_8057732,-1.650036429218948,-31.603116989135746,-6.62,True,-6.62,phenol or hydroxyhetarene,c1cc(cc(c1)Cl)O
mobley_8117218,-3.601038267165422,-28.333852767944336,-4.82,True,-4.82,dialkyl ether,C1[C@@H]2[C@H]3[C@@H]([C@H]1[C@H]4[C@@H]2O4)[C@@]5(C(=C([C@]3(C5(Cl)Cl)Cl)Cl)Cl)Cl
mobley_8118832,-0.9023743408117444,-19.00480842590332,-5.03,True,-5.03,primary alcohol,C=CCO
mobley_8124669,-4.437014957770706,-40.14228820800781,-8.21,True,-8.21,hemiaminal,CCc1cccc(c1N(COC)C(=O)CCl)CC
mobley_8127829,-2.16707578297332,-5.067212104797363,-0.79,True,-0.79,aromatic,CCc1ccccc1
mobley_819018,-2.5216437589414418,-21.687498092651367,-4.45,True,-4.45,primary alcohol,CC(=CCC/C(=C/CO)/C)C
mobley_8191186,-0.1030468033906072,-23.752954483032227,0.06,True,0.06,alkyl chloride,C(C(F)(F)F)Cl
mobley_8207196,-1.641165151078254,-44.87172317504883,-10.22,True,-10.22,secondary amine,CCNc1nc(nc(n1)Cl)NCC
mobley_820789,-1.6265152488462629,-38.10405731201172,-6.35,True,-6.35,carboxylic acid,CCCC(=O)O
mobley_8208692,-2.2148729231208564,-10.442874908447266,-4.61,True,-4.61,aryl chloride,c1c(c(c(c(c1Cl)Cl)Cl)Cl)c2c(cc(c(c2Cl)Cl)Cl)Cl
mobley_8221999,-1.530627166416496,-5.752089023590088,-3.64,True,-3.64,carbonitrile,CCCC#N
mobley_8260524,-1.0765470329150555,-4.713280200958252,-0.48,True,-0.48,alkyne,CC#C
mobley_8311303,-2.414438452646136,-8.558674812316895,-4.38,True,-4.38,aryl chloride,c1cc(c(cc1c2c(c(cc(c2Cl)Cl)Cl)Cl)Cl)Cl
mobley_8311321,0.0993130142369773,-16.380226135253906,-0.5,True,-0.5,halogen derivative,C(F)(F)Cl
mobley_8320545,-1.1544139624778182,-24.97048568725586,-3.71,True,-3.71,nitro,CC[N+](=O)[O-]
mobley_8337722,-4.713398921228945,-19.624683380126957,-3.2,True,-3.2,secondary alcohol,C[C@@H]1CC[C@H]([C@@H](C1)O)C(C)C
mobley_8337977,-2.92341164919734,-11.424702644348145,-3.05,True,-3.05,ketone,CC(C)CC(=O)C
mobley_8426916,-1.1174212669730188,-11.459291458129885,-4.07,True,-4.07,secondary amine,CCNCC
mobley_8427539,-1.6455790556631984,-25.41049575805664,-9.4,True,-9.4,primary carboxylic acid amide,CCC(=O)N
mobley_8436428,-3.3293266167193654,-2.8364012241363525,2.83,True,2.83,,CC(C)CC(C)C
mobley_8449031,-2.483130422621965,-11.21597385406494,-3.22,True,-3.22,tertiary amine,CCN(CC)CC
mobley_8467917,-1.3328062374033034,-4.076321601867676,1.68,True,1.68,alkene,CCCC/C=C/C
mobley_8492526,-1.6015353666469456,-12.421984672546388,-3.03,True,-3.03,aldehyde,CCCCC=O
mobley_8514745,-1.7778374369703234,-33.45579528808594,-2.51,True,-2.51,carboxylic acid ester,CCCCCOC(=O)C
mobley_8522124,-2.092175138179213,-6.410873889923096,0.71,True,0.71,alkyne,CCCCCCC#C
mobley_852937,-1.6205132664069537,-35.429134368896484,-6.19,True,-6.19,phenol or hydroxyhetarene,c1cc(ccc1O)F
mobley_8558116,-1.9456999980211256,-24.334266662597656,-6.32,True,-6.32,dialkyl ether,CN1CCOCC1
mobley_8573194,-1.4056951107382776,-12.032358169555664,-3.18,True,-3.18,aldehyde,CCCC=O
mobley_8578590,-1.6268815565370025,-8.364274978637695,-9.28,True,-9.280000000000001,sulfoxide,CS(=O)C
mobley_859464,-2.302697253745049,-32.93722915649414,-2.36,True,-2.36,carboxylic acid ester,CC(C)COC(=O)C
mobley_8614858,-1.8711759697645904,-2.9140830039978027,2.67,True,2.67,,CCCCCCC
mobley_8668219,-3.467941776610911,-2.842181205749512,2.52,True,2.52,,CC[C@@H](C)C(C)C
mobley_8691603,-2.07112206755206,-31.61039924621582,-5.49,True,-5.49,phenol or hydroxyhetarene,Cc1cccc(c1)O
mobley_8705848,-2.796622282948345,-11.726466178894045,-3.22,True,-3.22,secondary amine,CC(C)NC(C)C
mobley_8713762,-3.843410939529538,-24.43832778930664,-4.13,True,-4.13,thiocarbamic acid ester,CCCN(CCC)C(=O)SCCC
mobley_8723116,-1.84259108382836,-19.67827796936035,-5.9,True,-5.9,primary amine,c1cc(ccc1N)Cl
mobley_8739734,-2.494221367299557,-10.913869857788086,-3.24,True,-3.24,ketone,CC(C)C(=O)C
mobley_8746821,-2.0939102889150383,-9.78526210784912,-4.82,True,-4.82,aromatic,Cc1cccnc1C
mobley_8754702,-1.1399570074956864,-34.65214538574219,-2.48,True,-2.48,carboxylic acid ester,CCCOC=O
mobley_8764620,-1.7969467745274306,-14.10798168182373,-6.75,True,-6.75,carbonitrile,c1cc(cnc1)C#N
mobley_8765203,-1.9240462652519343,-4.355377674102783,0.68,True,0.68,alkene,CC(=C)C=C
mobley_8785107,-1.3065325090195985,-14.997881889343262,-2.92,True,-2.92,dialkyl ether,C[C@H]1CC[C@@H](O1)C
mobley_8789864,-2.830495779123157,-43.85271072387695,-6.4,True,-6.4,carbonitrile,COC(CC#N)(OC)OC
mobley_8798016,-1.7566512104049326,-20.65258026123047,-7.0,True,-7.0,aldehyde,c1cnccc1C=O
mobley_8809190,-2.4786522595584395,-5.812545776367188,-0.4,True,-0.4,aromatic,CCCCc1ccccc1
mobley_8809274,-1.6067016452364624,-23.65428733825684,-0.25,True,-0.25,halogen derivative,c1ccc(cc1)C(F)(F)F
mobley_8823527,-2.4451191271431747,-7.459650993347168,-3.61,True,-3.61,aryl chloride,c1cc(c(cc1Cl)c2cc(c(c(c2)Cl)Cl)Cl)Cl
mobley_8827942,-2.4245318445786834,-50.37859344482422,-4.05,True,-4.05,diaryl ether,c1ccc2c(c1)Oc3c(cc(c(c3O2)Cl)Cl)Cl
mobley_8861672,-1.9607842463329437,-9.818885803222656,-4.86,True,-4.86,aromatic,Cc1ccnc(c1)C
mobley_8882696,-0.414043192573823,-15.155467987060549,-3.47,True,-3.47,dialkyl ether,C1CCOC1
mobley_8883511,-2.381047238688916,-14.622802734375,-3.93,True,-3.93,aldehyde,Cc1ccccc1C=O
mobley_8885088,-0.8608276263121516,-3.101339101791382,0.56,True,0.56,alkene,C1CC=CC1
mobley_8899867,-1.5209469874277712,-17.958200454711914,-5.49,True,-5.49,secondary alcohol,C1CCC(C1)O
mobley_8916409,-4.854909148938954,-90.6564483642578,-8.15,True,-8.15,carboxylic acid ester,CCOC(=O)C[C@H](C(=O)OCC)SP(=S)(OC)OC
mobley_8966374,-1.3293900573775173,-16.058542251586914,-5.51,True,-5.51,aromatic,Cc1cnccn1
mobley_900088,-2.5848005654253066,-4.313188552856445,0.4,True,0.4,alkene,CC(=C)C(=C)C
mobley_9007496,-3.5136230259463197,-46.22565078735352,-9.45,True,-9.45,carbamic acid ester (urethane),CNC(=O)Oc1cccc2c1cccc2
mobley_9028462,-0.7978830961659551,-62.633602142333984,-1.1,True,-1.1,halogen derivative,COC(=O)C(F)(F)F
mobley_902954,-1.124991053201258,-18.61376190185547,-2.09,True,-2.09,nitrate,CCCCO[N+](=O)[O-]
mobley_9029594,-0.3220641604322009,-7.671804904937744,-0.22,True,-0.22,alkyl fluoride,CF
mobley_9055303,-0.723628300625831,-0.5719448924064636,2.0,True,2.0,,C
mobley_9073553,-1.2238555574323982,-2.693995237350464,-1.61,True,-1.61,thioether,CSC
mobley_9100956,-2.597995202112943,-2.673178195953369,1.7,True,1.7,,CC1CCCCC1
mobley_9112978,-1.149926177823916,-3.350747346878052,1.31,True,1.31,alkene,CC/C=C\C
mobley_9114381,-1.4987303916215895,-39.98988342285156,-6.72,True,-6.72,carboxylic acid ester,COC(=O)CC#N
mobley_9121449,-1.282529475964606,-4.915191173553467,-0.16,True,-0.16,alkyne,CCC#C
mobley_9139060,-3.412248575232923,-3.0181093215942383,2.11,True,2.11,,CC1CCC(CC1)C
mobley_9185328,-1.1606075176540762,-12.181100845336914,-4.39,True,-4.39,primary amine,CCCN
mobley_9197172,-1.79795480793342,-4.778842926025391,1.92,True,1.92,alkene,CCCCCCC=C
mobley_9201263,-1.4953844835683705,-19.5073356628418,-4.87,True,-4.87,sulfonic acid ester,COS(=O)(=O)C
mobley_9209581,-1.5968620227500796,-10.716316223144531,-3.2,True,-3.2,tertiary amine,CN(C)C
mobley_9246215,-1.2567892304044217,-5.116186141967773,0.93,True,0.93,alkene,C=CCC=C
mobley_9257453,-1.4871190219931305,-32.14759063720703,-7.29,True,-7.29,phenol or hydroxyhetarene,c1cc(c(cc1O)Cl)Cl
mobley_9281946,-3.077792815804482,-66.03004455566406,-6.74,True,-6.74,nitro,CCOP(=S)(OCC)Oc1ccc(cc1)[N+](=O)[O-]
mobley_9407874,-2.3393967484645546,-12.206674575805664,-2.88,True,-2.88,ketone,CCCCCCC(=O)C
mobley_9414831,-2.903652338847518,-6.199190616607666,-2.44,True,-2.44,aromatic,Cc1cccc2c1cccc2
mobley_9460824,-2.5198752762675287,-26.76889038085937,-4.37,True,-4.37,thiophosphoric acid ester,CCOP(=S)(OCC)SCSCC
mobley_9478823,-2.400951731964946,-4.671381950378418,-0.9,True,-0.9,aromatic,Cc1ccccc1C
mobley_9507933,-1.869734792977572,-9.77340030670166,-4.72,True,-4.72,aromatic,Cc1ccc(nc1)C
mobley_9510785,-2.566959044214338,-9.054437637329102,-3.48,True,-3.48,aryl chloride,c1ccc(cc1)c2cc(c(c(c2Cl)Cl)Cl)Cl
mobley_951560,-1.62827187634632,-20.928815841674805,-7.4,True,-7.4,secondary amine,C1CNCCN1
mobley_9534740,-2.952925190418959,-96.13318634033205,-25.47,True,-25.47,hemiacetal,C([C@@H]1[C@H]([C@@H]([C@H]([C@@H](O1)O)O)O)O)O
mobley_9557440,-1.5182950365804138,-44.984493255615234,-17.74,True,-17.74,aryl chloride,c1c(c(=O)[nH]c(=O)[nH]1)Cl
mobley_9565165,-2.725267366021872,-7.0040812492370605,-3.35,True,-3.35,aromatic,c1ccc-2c(c1)Cc3c2cccc3
mobley_9571888,-4.289651023201644,-36.339874267578125,-4.23,True,-4.23,alkyl chloride,C1[C@@H]2[C@H](COS(=O)O1)[C@@]3(C(=C([C@]2(C3(Cl)Cl)Cl)Cl)Cl)Cl
mobley_9617923,-2.6425046791918576,-12.96231746673584,-2.34,True,-2.34,ketone,CCCCCCCCC(=O)C
mobley_9624458,-0.9758081226088108,-4.235608577728272,-1.89,True,-1.89,alkyl chloride,C(CCl)CCl
mobley_9626434,-0.9130026759877802,-31.830604553222656,-6.69,True,-6.69,primary alcohol,CCOCCO
mobley_9653690,-4.2609501627385615,-21.088653564453125,-4.44,True,-4.44,secondary alcohol,CC1=CC[C@H](C[C@@H]1O)C(=C)C
mobley_967099,-2.2313036786429583,-23.48299217224121,-3.13,True,-3.13,nitro,CC(C)[N+](=O)[O-]
mobley_9671033,-1.3113221710715444,-25.205087661743164,-3.34,True,-3.34,nitro,CCC[N+](=O)[O-]
mobley_9705941,-1.0396257261745632,-3.8748390674591056,-1.38,True,-1.38,aromatic,Cc1cccs1
mobley_9717937,-2.906838459774852,-7.378778457641602,-2.69,True,-2.69,aryl chloride,c1ccc(cc1)c2ccccc2Cl
mobley_9729792,-1.9021690023206173,-5.587297439575195,-0.99,True,-0.99,alkene,C1C=CC=CC=C1
mobley_9733743,-1.5496512841731311,-12.61355972290039,-4.24,True,-4.24,primary amine,CCCCN
mobley_9740891,-1.9021712359040976,-9.087327003479004,-4.71,True,-4.71,aryl chloride,c1cc(c(c(c1)Cl)C#N)Cl
mobley_9741965,-1.788257103905082,-35.32489013671875,-4.29,True,-4.29,nitrate,C[C@@H](CCO[N+](=O)[O-])O[N+](=O)[O-]
mobley_9794857,-3.1190849017873408,-15.105260848999023,-2.21,True,-2.21,dialkyl ether,CC(C)(C)OC
mobley_9821936,-2.0588909644149247,-59.40256881713867,-4.53,True,-4.53,diaryl ether,c12c(c(c(c(c1Cl)Cl)Cl)Cl)Oc3c(c(c(c(c3Cl)Cl)Cl)Cl)O2
mobley_9838013,-3.0906424497514964,-17.48885154724121,-4.43,True,-4.43,tertiary alcohol,CCC(C)(C)O
mobley_9883303,-2.6815583708994093,-2.882675886154175,2.71,True,2.71,,CCC[C@H](C)CC
mobley_9897248,-2.5026390561796727,-21.690092086791992,-4.78,True,-4.78,primary alcohol,CC(=CCC/C(=C\CO)/C)C
mobley_9913368,-0.3040614131521433,-2.955965280532837,-0.78,True,-0.78,halogen derivative,C(=C/Cl)\Cl
mobley_9942801,-2.4057714614868164,-4.981392860412598,-0.95,True,-0.95,aromatic,CCc1ccc(cc1)C
mobley_9974966,-2.7931234603337947,-3.5552446842193604,-1.21,True,-1.21,thioether,CC(C)SC(C)C
mobley_9979854,-1.3904167124778033,-38.51971054077149,-4.2,True,-4.2,secondary alcohol,C[C@H](C(F)(F)F)O
