mol,atom_idx,P_orig,P_trust,trust_minus_poolmean,orig_minus_poolmean,neighbor_u3_median,neighbor_frac_u3_lt_pool_median,neighbor_mean_sim,neighbor_value_mean,mol_error_dir
mobley_1261349,11482,-1.452013413111369,-0.7902691867339069,-0.6132650130268071,-1.2750092394042691,0.05620817653834815,0.6,1.0,-0.7531141695876917,1
mobley_1261349,11483,15.969297369321188,-0.7902691867339069,-0.6132650130268071,16.146301543028287,0.05620817653834815,0.6,1.0,-0.7531141695876917,1
mobley_1261349,11484,-1.452010194460551,-0.7902691867339069,-0.6132650130268071,-1.2750060207534513,0.05620817653834815,0.6,1.0,-0.7531141695876917,1
mobley_1261349,11485,-1.4520102739334106,-0.7902691867339069,-0.6132650130268071,-1.275006100226311,0.05620817653834815,0.6,1.0,-0.7531141695876917,1
mobley_1261349,11486,-1.452009956041972,-0.7902691867339069,-0.6132650130268071,-1.2750057823348722,0.05620817653834815,0.6,1.0,-0.7531141695876917,1
mobley_1417007,9559,-0.5382913450400034,-0.7647846288055734,-0.5877804550984738,-0.3612871713329037,0.0941716134548187,0.4,0.8933333396911621,-0.7610035667816798,-1
mobley_1417007,9560,-0.5771772861480713,-0.7647846288055734,-0.5877804550984738,-0.4001731124409716,0.0941716134548187,0.4,0.8933333396911621,-0.7610035667816798,-1
mobley_1417007,9562,-0.22268086423476532,0.06020021013379708,0.2372043838408968,-0.045676690527665625,0.0567083675414323,0.5,0.8336274564266205,0.06071270794685309,-1
mobley_1417007,9563,-2.883298529932896,-0.3178167092814517,-0.14081253557435203,-2.7062943562257966,0.08656762540340421,0.4,0.8238970637321472,-0.8271511199534871,-1
mobley_1417007,9566,-6.016099241872628,-0.5143662859948325,-0.3373621122877328,-5.839095068165529,0.08487479016184804,0.4,0.7939542531967163,-0.7348266676068306,-1
mobley_1417007,9567,-1.8560028076171875,-0.6571280637378912,-0.48012389003079153,-1.6789986339100877,0.050826273858547155,0.6,0.8407352924346924,-0.5689811557531358,-1
mobley_1417007,9568,-11.53045908610026,-0.5174181850514851,-0.34041401134438537,-11.35345491239316,0.1931518986821174,0.2,0.7725910425186158,-0.9474725957959891,-1
mobley_1417007,9569,-10.776320695877077,-0.4723007964307029,-0.2952966227236032,-10.599316522169977,0.13749454915523524,0.2,0.8180147111415863,-0.8905108058204252,-1
mobley_1417007,9570,-4.806712786356608,-3.438818243066128,-3.2618140693590285,-4.629708612649509,4.495892882347107,0.0,0.7100000023841858,-4.788233345560728,-1
mobley_1417007,9577,0.23299012084801984,0.31793152719685713,0.49493570090395683,0.40999429455511954,0.07826070487499234,0.4,0.8666666746139526,0.31569098196923734,-1
mobley_1781152,10847,-0.9236371517181396,-0.42720743015335794,-0.25020325644625824,-0.7466329780110399,0.06257010437548155,0.5,1.0,-0.4706052278634161,1
mobley_1781152,10848,2.420050583779812,-0.42720743015335794,-0.25020325644625824,2.5970547574869114,0.06257010437548155,0.5,1.0,-0.4706052278634161,1
mobley_1781152,10849,-0.7802640199661255,-0.42720743015335794,-0.25020325644625824,-0.6032598462590257,0.06257010437548155,0.5,1.0,-0.4706052278634161,1
mobley_1781152,10850,-0.7802721460660299,-0.42720743015335794,-0.25020325644625824,-0.6032679723589303,0.06257010437548155,0.5,1.0,-0.4706052278634161,1
mobley_1781152,10852,-0.06064125895500183,0.20935180599652503,0.38635597970362473,0.11636291475209787,0.04571354202926155,0.7,1.0,0.1753867816179991,1
mobley_1781152,10864,0.35079113642374676,-0.010507325613760714,0.16649684809333898,0.5277953101308465,0.08038353919982905,0.1,1.0,-0.09944663990075545,1
mobley_1781152,10865,0.20181438078482947,-0.010507325613760714,0.16649684809333898,0.37881855449192914,0.08038353919982905,0.1,1.0,-0.09944663990075545,1
mobley_1781152,10866,0.35080986718336743,-0.010507325613760714,0.16649684809333898,0.5278140408904671,0.08038353919982905,0.1,1.0,-0.09944663990075545,1
mobley_1922649,9711,0.191767248014609,-0.19398905659802168,-0.016984882890921982,0.36877142172170874,0.0757730193436145,0.1,0.9460714221000671,-0.32347222869284453,1
mobley_1922649,9712,0.057401166607936205,-0.16075796856466348,0.016246205142436215,0.2344053403150359,0.06898793205618856,0.4,0.9057142853736877,-0.10352472797967494,1
mobley_1922649,9724,-0.6644841929276785,-0.16451219110240842,0.012491982604691282,-0.48748001922057876,0.24677854776382446,0.2,0.9839743614196778,-0.630410828627646,1
mobley_1922649,9727,-0.6418980260690054,0.029923783718827618,0.20692795742592732,-0.46489385236190567,0.06255130842328065,0.4,0.9866666674613953,-0.12829263310413808,1
mobley_1922649,9729,0.8295185168584188,0.029923783718827618,0.20692795742592732,1.0065226905655185,0.06255130842328065,0.4,0.9866666674613953,-0.12829263310413808,1
mobley_1922649,9730,0.9859737753868103,0.029923783718827618,0.20692795742592732,1.16297794909391,0.06255130842328065,0.4,0.9866666674613953,-0.12829263310413808,1
mobley_1922649,9732,-0.563653439283371,0.029923783718827618,0.20692795742592732,-0.3866492655762713,0.06255130842328065,0.4,0.9866666674613953,-0.12829263310413808,1
mobley_1922649,9734,0.027507166067759197,0.17258007445775014,0.34958424816484984,0.20451133977485889,0.0716584771871566,0.4,0.9307692348957062,0.15526795499026774,1
mobley_1922649,9735,0.07279072205225624,0.24004356029473048,0.41704773400183015,0.24979489575935593,0.06705578044056885,0.3,0.95625,0.17201604743798574,1
mobley_2197088,11582,-0.18639070789019263,-0.61439521329615,-0.4373910395890503,-0.009386534183092932,0.0439581423997879,0.7,1.0,-0.5752617159237465,-1
mobley_2197088,11583,-0.5378459692001343,-0.61439521329615,-0.4373910395890503,-0.3608417954930346,0.0439581423997879,0.7,1.0,-0.5752617159237465,-1
mobley_2197088,11588,-0.49359962344169617,-0.61439521329615,-0.4373910395890503,-0.31659544973459647,0.0439581423997879,0.7,1.0,-0.5752617159237465,-1
mobley_2328633,11510,0.6182313362757365,-0.1576083498697988,0.019395823837300902,0.7952355099828361,0.04304788075387475,0.6,1.0,-0.1214108823177715,-1
mobley_2481002,11037,-4.0229255358378095,-0.48897570850868627,-0.31197153480158657,-3.84592136213071,0.5398060977458954,0.3,0.549999988079071,-0.06880357364813489,-1
mobley_2481002,11038,-1.6794541676839192,-1.4475511755359471,-1.2705470018288474,-1.5024499939768194,3.528018832206726,0.0,0.5545454680919647,-3.3635174554462237,-1
mobley_2481002,11039,-1.279362936814626,-0.1819999496241681,-0.004995775917068401,-1.1023587631075262,4.023750185966492,0.0,0.5363636374473572,-1.6703255474567413,-1
mobley_2481002,11040,-10.07369327545166,-0.1819999496241681,-0.004995775917068401,-9.89668910174456,4.023750185966492,0.0,0.5363636374473572,-1.6703255474567413,-1
mobley_2481002,11041,-2.345889806747437,-3.8854863107779067,-3.708482137070807,-2.1688856330403374,5.861058950424194,0.0,0.5972727298736572,-5.12165477015078,-1
mobley_2481002,11042,-6.572507878144582,-3.8854863107779067,-3.708482137070807,-6.395503704437482,5.861058950424194,0.0,0.5972727298736572,-5.12165477015078,-1
mobley_2481002,11043,-6.651703854401906,-3.8854863107779067,-3.708482137070807,-6.4746996806948065,5.861058950424194,0.0,0.5972727298736572,-5.12165477015078,-1
mobley_2492140,11077,-6.534398555755615,-3.075461499317706,-2.8984573256106065,-6.357394382048516,3.933242440223694,0.0,0.8642857193946838,-5.429434125435849,-1
mobley_2492140,11078,-13.425435543060303,-3.075461499317706,-2.8984573256106065,-13.248431369353202,3.933242440223694,0.0,0.8642857193946838,-5.429434125435849,-1
mobley_2492140,11079,-11.889302333196005,-4.429678318753734,-4.252674145046634,-11.712298159488904,13.7398681640625,0.0,0.8405555605888366,-13.121235460042953,-1
mobley_2492140,11080,-17.393157958984375,-4.429678318753734,-4.252674145046634,-17.216153785277275,13.7398681640625,0.0,0.8405555605888366,-13.121235460042953,-1
mobley_2492140,11081,-11.88934620221456,-4.429678318753734,-4.252674145046634,-11.712342028507459,13.7398681640625,0.0,0.8405555605888366,-13.121235460042953,-1
mobley_2492140,11082,-10.386464118957521,-4.429678318753734,-4.252674145046634,-10.20945994525042,13.7398681640625,0.0,0.8405555605888366,-13.121235460042953,-1
mobley_2492140,11083,-10.38647230466207,-4.429678318753734,-4.252674145046634,-10.209468130954969,13.7398681640625,0.0,0.8405555605888366,-13.121235460042953,-1
mobley_2492140,11084,-3.282856543858846,0.3778929564333351,0.5548971301404348,-3.1058523701517466,7.2127991914749146,0.0,0.8107142865657806,-9.256528589129447,-1
mobley_2689721,11401,-0.9547174374262491,-0.7280894357100237,-0.5510852620029241,-0.7777132637191495,0.06900819018483159,0.4,1.0,-0.7126985179881256,-1
mobley_2689721,11402,-0.5324372947216034,-0.7280894357100237,-0.5510852620029241,-0.3554331210145037,0.06900819018483159,0.4,1.0,-0.7126985179881256,-1
mobley_2689721,11403,-0.9547254045804342,-0.7280894357100237,-0.5510852620029241,-0.7777212308733346,0.06900819018483159,0.4,1.0,-0.7126985179881256,-1
mobley_2689721,11404,-0.9547293384869894,-0.7280894357100237,-0.5510852620029241,-0.7777251647798897,0.06900819018483159,0.4,1.0,-0.7126985179881256,-1
mobley_2689721,11405,-0.5324306587378184,-0.7280894357100237,-0.5510852620029241,-0.35542648503071866,0.06900819018483159,0.4,1.0,-0.7126985179881256,-1
mobley_2689721,11406,-0.9547244310379028,-0.7280894357100237,-0.5510852620029241,-0.7777202573308031,0.06900819018483159,0.4,1.0,-0.7126985179881256,-1
mobley_2913224,9440,-1.1219519178072612,-0.7816821685904927,-0.6046779948833929,-0.9449477441001615,0.081845074892044,0.2,1.0,-0.6491217268320422,1
mobley_2913224,9448,-0.8425311247507731,-0.7816821685904927,-0.6046779948833929,-0.6655269510436734,0.081845074892044,0.2,1.0,-0.6491217268320422,1
mobley_2913224,9450,0.17010814075668648,0.12704069722843903,0.3040448709355387,0.3471123144637862,0.038486657664179746,0.6,1.0,0.09100394497315087,1
mobley_2913224,9452,-0.6255447864532471,0.46084860479237344,0.6378527784994732,-0.44854061274614737,0.08805269375443454,0.4,0.9250000178813934,0.4085120216012001,1
mobley_2913224,9453,-1.1283503373463948,0.46084860479237344,0.6378527784994732,-0.951346163639295,0.08805269375443454,0.4,0.9250000178813934,0.4085120216012001,1
mobley_2913224,9454,0.1121249149243037,0.07462533641914203,0.25162951012624174,0.2891290886314034,0.04897995293140405,0.6,1.0,0.09177789826256533,1
mobley_2913224,9459,-0.9719605644543966,-0.23077604518050174,-0.05377187147340204,-0.794956390747297,0.060717273503541905,0.4,0.9230769276618958,-0.1267948784554998,1
mobley_3060426,11552,-0.5319313506285349,-0.7022039628904034,-0.5251997891833038,-0.3549271769214352,0.02497660182416435,0.7,1.0,-0.6609789046769341,-1
mobley_3060426,11557,4.031352326273918,-0.7022039628904034,-0.5251997891833038,4.208356499981018,0.02497660182416435,0.7,1.0,-0.6609789046769341,-1
mobley_3060426,11558,-1.4842029809951782,-0.7022039628904034,-0.5251997891833038,-1.3071988072880785,0.02497660182416435,0.7,1.0,-0.6609789046769341,-1
mobley_3060426,11559,-1.0294306874275208,-0.7022039628904034,-0.5251997891833038,-0.852426513720421,0.02497660182416435,0.7,1.0,-0.6609789046769341,-1
mobley_3060426,11560,-1.3520685036977131,-0.7022039628904034,-0.5251997891833038,-1.1750643299906134,0.02497660182416435,0.7,1.0,-0.6609789046769341,-1
mobley_3370989,11259,-0.020957190543413173,-0.4284019660059098,-0.2513977922988101,0.15604698316368654,0.08845547586679456,0.1,0.7363636493682861,-0.28978731719156114,-1
mobley_3370989,11261,0.7367706100145975,0.39613068531418344,0.5731348590212831,0.9137747837216972,0.17601498216390604,0.0,0.7272727489471436,0.48818953608473137,-1
mobley_3370989,11262,0.7367716431617737,0.39613068531418344,0.5731348590212831,0.9137758168688734,0.17601498216390604,0.0,0.7272727489471436,0.48818953608473137,-1
mobley_3370989,11263,-0.5816068734663228,0.2670467664473416,0.4440509401544413,-0.4046026997592231,0.09114947915077205,0.3,0.7363636493682861,0.043976064523061076,-1
mobley_3370989,11264,-1.03345787525177,0.2670467664473416,0.4440509401544413,-0.8564537015446703,0.09114947915077205,0.3,0.7363636493682861,0.043976064523061076,-1
mobley_3370989,11265,-0.5816042690227429,0.2670467664473416,0.4440509401544413,-0.40460009531564317,0.09114947915077205,0.3,0.7363636493682861,0.043976064523061076,-1
mobley_3546460,10236,-0.18048144380251563,-0.4931000271683115,-0.31609585346121183,-0.0034772700954159297,0.0583535302430391,0.5,1.0,-0.47793844419841963,1
mobley_4059279,9674,-0.13122812658548352,-0.1729402900683263,0.004063883638773386,0.045776047121616176,0.0849331580102443,0.3,1.0,-0.1636110872030258,1
mobley_4059279,9677,-0.1311984496812025,-0.1729402900683263,0.004063883638773386,0.04580572402589719,0.0849331580102443,0.3,1.0,-0.1636110872030258,1
mobley_4603202,10298,-0.20654533555110288,0.1978962121554133,0.374900385862513,-0.029541161844003183,0.06337577849626541,0.4,0.9219697177410126,0.14564706496894358,1
mobley_4603202,10304,0.40524859726428986,0.5369496157277954,0.7139537894348951,0.5822527709713896,0.0484161656349897,0.6,1.0,0.2824826644112666,1
mobley_4603202,10305,0.40525267521540326,0.5369496157277954,0.7139537894348951,0.582256848922503,0.0484161656349897,0.6,1.0,0.2824826644112666,1
mobley_4603202,10308,0.4052464962005615,0.5369496157277954,0.7139537894348951,0.5822506699076613,0.0484161656349897,0.6,1.0,0.2824826644112666,1
mobley_4603202,10309,0.4052538275718689,0.5369496157277954,0.7139537894348951,0.5822580012789687,0.0484161656349897,0.6,1.0,0.2824826644112666,1
mobley_5346580,10634,2.15585295855999,-0.9149732701360849,-0.7379690964289851,2.3328571322670895,0.07738118618726725,0.3,1.0,-0.7213448408991099,1
mobley_5346580,10635,-0.8012857834498087,-0.9149732701360849,-0.7379690964289851,-0.6242816097427091,0.07738118618726725,0.3,1.0,-0.7213448408991099,1
mobley_5346580,10636,-1.4789422353108723,-0.9149732701360849,-0.7379690964289851,-1.3019380616037726,0.07738118618726725,0.3,1.0,-0.7213448408991099,1
mobley_5346580,10637,-1.4094949165980022,-0.9149732701360849,-0.7379690964289851,-1.2324907428909024,0.07738118618726725,0.3,1.0,-0.7213448408991099,1
mobley_5346580,10640,-0.1547557252148787,0.4639285495370191,0.6409327232441189,0.02224844849222099,0.0446171481162309,0.7,1.0,0.46065606325864783,1
mobley_5467162,9907,-0.7476167877515157,-0.20994692374043575,-0.03294275003333605,-0.5706126140444161,0.0844807960093021,0.2,1.0,-0.2590502833637099,1
mobley_5467162,9908,0.7534044310450554,-0.6382670377502399,-0.46126286404314015,0.9304086047521551,0.0712959505617618,0.4,1.0,-0.6147793789083759,1
mobley_5467162,9909,-0.9642646511395773,-0.20994692374043575,-0.03294275003333605,-0.7872604774324776,0.0844807960093021,0.2,1.0,-0.2590502833637099,1
mobley_5467162,9910,-0.9642471472422282,-0.20994692374043575,-0.03294275003333605,-0.7872429735351285,0.0844807960093021,0.2,1.0,-0.2590502833637099,1
mobley_5467162,9931,-0.687517523765564,0.4111521131762685,0.5881562868833682,-0.5105133500584642,0.0617167949676513,0.5,1.0,0.43722683439652127,1
mobley_6115639,9579,0.17490089063843092,-0.07606129488161416,0.10094287882548554,0.3519050643455306,0.1240794993937015,0.0,0.8824175894260406,-0.19759066238378484,1
mobley_6115639,9580,0.07626492033402124,0.12175052956717007,0.2987547032742698,0.25326909404112097,0.08344428241252895,0.4,0.8780219852924347,0.04222678104415535,1
mobley_6115639,9582,-0.5769560088713964,0.12175052956717007,0.2987547032742698,-0.3999518351642967,0.08344428241252895,0.4,0.8780219852924347,0.04222678104415535,1
mobley_6115639,9583,0.0762835716207822,0.12175052956717007,0.2987547032742698,0.2532877453278819,0.08344428241252895,0.4,0.8780219852924347,0.04222678104415535,1
mobley_6115639,9584,0.17489268568654856,-0.07606129488161416,0.10094287882548554,0.35189685939364823,0.1240794993937015,0.0,0.8824175894260406,-0.19759066238378484,1
mobley_6115639,9585,0.07628027349710464,0.12175052956717007,0.2987547032742698,0.25328444720420434,0.08344428241252895,0.4,0.8780219852924347,0.04222678104415535,1
mobley_6115639,9586,0.17489435213307536,-0.07606129488161416,0.10094287882548554,0.35189852584017506,0.1240794993937015,0.0,0.8824175894260406,-0.19759066238378484,1
mobley_6115639,9589,-0.4291503230730693,-0.23664703327200073,-0.059642859564901035,-0.2521461493659696,0.15698434412479395,0.0,0.9571428418159484,-0.3473374394079049,1
mobley_6115639,9591,-0.429016649723053,-0.23664703327200073,-0.059642859564901035,-0.2520124760159533,0.15698434412479395,0.0,0.9571428418159484,-0.3473374394079049,1
mobley_6115639,9593,-0.4291750142971675,-0.23664703327200073,-0.059642859564901035,-0.2521708405900678,0.15698434412479395,0.0,0.9571428418159484,-0.3473374394079049,1
mobley_6239320,9342,-0.17391898234685263,0.05119251198383959,0.2281966856909393,0.0030851913602470693,0.14512249082326883,0.1,0.7909890174865722,-0.05176243409514432,1
mobley_6239320,9343,-0.09335460575918357,0.045541883312286376,0.22254605701938607,0.08364956794791613,0.07575421035289759,0.2,0.7954945027828216,-0.22114301435649392,1
mobley_6239320,9345,-0.17391393582026163,0.05119251198383959,0.2281966856909393,0.003090237886838071,0.14512249082326883,0.1,0.7909890174865722,-0.05176243409514432,1
mobley_6239320,9346,-0.09335338138043876,0.045541883312286376,0.22254605701938607,0.08365079232666094,0.07575421035289759,0.2,0.7954945027828216,-0.22114301435649392,1
mobley_6239320,9348,-0.1739166478315989,0.05119251198383959,0.2281966856909393,0.0030875258755007906,0.14512249082326883,0.1,0.7909890174865722,-0.05176243409514432,1
mobley_6239320,9349,-0.09335508942604064,0.045541883312286376,0.22254605701938607,0.08364908428105906,0.07575421035289759,0.2,0.7954945027828216,-0.22114301435649392,1
mobley_6239320,9350,0.1629611887037754,0.08706064807518403,0.26406482178228374,0.3399653624108751,0.11387711018323896,0.3,0.7819230854511261,0.14143667422855893,1
mobley_6239320,9351,0.16295948500434557,0.08706064807518403,0.26406482178228374,0.3399636587114453,0.11387711018323896,0.3,0.7819230854511261,0.14143667422855893,1
mobley_6239320,9352,0.1629702039062977,0.08706064807518403,0.26406482178228374,0.33997437761339744,0.11387711018323896,0.3,0.7819230854511261,0.14143667422855893,1
mobley_628086,10310,-0.11722530424594879,-0.7168551306727314,-0.5398509569656318,0.05977886946115091,0.07060130685567856,0.3,0.8897435903549195,-0.6798934464653332,1
mobley_628086,10311,-0.35880046089490253,-0.7168551306727314,-0.5398509569656318,-0.18179628718780283,0.07060130685567856,0.3,0.8897435903549195,-0.6798934464653332,1
mobley_628086,10313,0.47944725553194684,0.4411446397448584,0.6181488134519582,0.6564514292390465,0.16973531246185297,0.1,0.9083333313465118,0.5100637380033731,1
mobley_628086,10314,0.5349173843860626,0.4411446397448584,0.6181488134519582,0.7119215580931624,0.16973531246185297,0.1,0.9083333313465118,0.5100637380033731,1
mobley_628086,10315,0.6672576169172922,0.4411446397448584,0.6181488134519582,0.8442617906243919,0.16973531246185297,0.1,0.9083333313465118,0.5100637380033731,1
mobley_628086,10316,0.20690099895000458,0.2015997033862764,0.37860387709337606,0.3839051726571043,0.08641002699732775,0.3,0.8297119498252868,0.006076598291595769,1
mobley_628086,10317,-0.21610027737915516,0.1806875175834407,0.3576916912905404,-0.03909610367205546,0.0757264457643032,0.4,0.946153849363327,0.1707615191116929,1
mobley_628086,10318,0.4507795770963033,0.1806875175834407,0.3576916912905404,0.627783750803403,0.0757264457643032,0.4,0.946153849363327,0.1707615191116929,1
mobley_63712,10390,-0.40299302339553833,-0.9627980296384884,-0.7857938559313886,-0.22598884968843863,0.06854219734668729,0.3,1.0,-0.9961398229002952,1
mobley_63712,10392,-0.4029947717984517,-0.9627980296384884,-0.7857938559313886,-0.22599059809135202,0.06854219734668729,0.3,1.0,-0.9961398229002952,1
mobley_63712,10399,0.17519908274213467,0.46801662996099297,0.6450208036680927,0.35220325644923434,0.2459985315799713,0.0,1.0,0.006189385553201069,1
mobley_63712,10403,0.1751945440967877,0.46801662996099297,0.6450208036680927,0.3521987178038874,0.2459985315799713,0.0,1.0,0.006189385553201069,1
mobley_6714389,10193,0.6216034938891729,0.00026744296334494055,0.17727161667044464,0.7986076675962726,0.08682006597518915,0.3,0.7607142925262451,-0.03847724857429664,1
mobley_6733657,10522,-1.1184759537378948,-0.6594109888855111,-0.4824068151784114,-0.941471780030795,0.061134917661547605,0.3,1.0,-0.6301458989580472,-1
mobley_6733657,10525,-1.118476430575053,-0.6594109888855111,-0.4824068151784114,-0.9414722568679532,0.061134917661547605,0.3,1.0,-0.6301458989580472,-1
mobley_6733657,10526,-0.9629726813485227,-0.3160996075636003,-0.13909543385650058,-0.7859685076414229,0.7082677707076073,0.0,1.0,-1.0616987412484984,-1
mobley_6733657,10527,-1.0336664915084839,-0.6594109888855111,-0.4824068151784114,-0.8566623178013841,0.061134917661547605,0.3,1.0,-0.6301458989580472,-1
mobley_6733657,10528,-0.6712395747502645,-0.6594109888855111,-0.4824068151784114,-0.4942354010431648,0.061134917661547605,0.3,1.0,-0.6301458989580472,-1
mobley_6733657,10529,-0.6713343063990275,-0.6594109888855111,-0.4824068151784114,-0.49433013269192777,0.061134917661547605,0.3,1.0,-0.6301458989580472,-1
mobley_6733657,10530,-1.0337206522623699,-0.6594109888855111,-0.4824068151784114,-0.8567164785552701,0.061134917661547605,0.3,1.0,-0.6301458989580472,-1
mobley_6733657,10532,-1.9411422902097304,-0.13264791174764298,0.044356261959456716,-1.7641381165026306,0.3192150145769119,0.0,0.9477272868156433,-1.169063553555558,-1
mobley_6733657,10533,-7.057959119478862,-0.3160996075636003,-0.13909543385650058,-6.880954945771762,0.7082677707076073,0.0,1.0,-1.0616987412484984,-1
mobley_6733657,10534,-5.42652549346288,-0.3160996075636003,-0.13909543385650058,-5.249521319755781,0.7082677707076073,0.0,1.0,-1.0616987412484984,-1
mobley_6733657,10535,0.05513754487037661,-0.18416035386131935,-0.007156180154219649,0.2321417185774763,0.3192150145769119,0.0,0.946153849363327,-0.7753214073988298,-1
mobley_6733657,10536,0.05514975885550175,-0.18416035386131935,-0.007156180154219649,0.23215393256260144,0.3192150145769119,0.0,0.946153849363327,-0.7753214073988298,-1
mobley_6733657,10537,-5.426233947277069,-0.3160996075636003,-0.13909543385650058,-5.24922977356997,0.7082677707076073,0.0,1.0,-1.0616987412484984,-1
mobley_6733657,10538,-0.9629890744884809,-0.3160996075636003,-0.13909543385650058,-0.7859849007813813,0.7082677707076073,0.0,1.0,-1.0616987412484984,-1
mobley_6733657,10539,0.561694492896398,0.672485707707601,0.8494898814147007,0.7386986666034976,0.124072577804327,0.2,0.992857140302658,0.6140520413716635,-1
mobley_6733657,10541,0.5459802945454916,0.672485707707601,0.8494898814147007,0.7229844682525912,0.124072577804327,0.2,0.992857140302658,0.6140520413716635,-1
mobley_6733657,10544,0.5459957818190256,0.672485707707601,0.8494898814147007,0.7229999555261253,0.124072577804327,0.2,0.992857140302658,0.6140520413716635,-1
mobley_7157427,11328,-0.33459917704264325,-0.5807513204557356,-0.40374714674863593,-0.15759500333554355,0.023992463946342447,1.0,1.0,-0.60326440234979,-1
mobley_7157427,11331,-0.6309382716814677,-0.5807513204557356,-0.40374714674863593,-0.45393409797436796,0.023992463946342447,1.0,1.0,-0.60326440234979,-1
mobley_7415647,9379,-0.7691935102144877,-0.01090234528378469,0.166101828423315,-0.592189336507388,0.06266048736870285,0.5,1.0,-0.24612075313925744,1
mobley_7415647,9383,0.48088287313779193,0.21878115272510232,0.395785326432202,0.6578870468448916,0.0529545601457357,0.6,1.0,0.06211270798618594,1
mobley_7415647,9390,-0.16953550775845846,0.12135634428279873,0.29836051798989843,0.007468665948641234,0.10167040675878519,0.0,0.9933333337306977,0.0998724695139875,1
mobley_7542832,11085,-0.16047056019306177,-0.1976074671385916,-0.020603293431491893,0.016533613514037926,0.0678104721009731,0.4,1.0,-0.2294134037724386,1
mobley_7542832,11095,-0.24248223255077994,0.3229507200282901,0.4999548937353898,-0.06547805884368024,0.0415492262691259,0.7,1.0,0.33571392511948944,1
mobley_7542832,11096,-0.2490737438201904,0.3229507200282901,0.4999548937353898,-0.0720695701130907,0.0415492262691259,0.7,1.0,0.33571392511948944,1
mobley_7542832,11101,-0.34549300869305927,0.3229507200282901,0.4999548937353898,-0.16848883498595957,0.0415492262691259,0.7,1.0,0.33571392511948944,1
mobley_7542832,11102,-0.2906848341226577,0.3229507200282901,0.4999548937353898,-0.11368066041555802,0.0415492262691259,0.7,1.0,0.33571392511948944,1
mobley_766666,11227,-0.41723480137685937,-0.5574812424484593,-0.3804770687413596,-0.24023062766975967,2.843237042427063,0.1,0.7797619044780731,-3.406531584262848,-1
mobley_766666,11228,-1.80159858862559,-0.5574812424484593,-0.3804770687413596,-1.6245944149184903,2.843237042427063,0.1,0.7797619044780731,-3.406531584262848,-1
mobley_766666,11229,-4.13820203145345,-2.3899569450679787,-2.212952771360879,-3.9611978577463507,3.3385905027389526,0.0,0.7749999940395356,-4.979629155496757,-1
mobley_766666,11230,-0.7716496288776398,-2.3899569450679787,-2.212952771360879,-0.59464545517054,3.3385905027389526,0.0,0.7749999940395356,-4.979629155496757,-1
mobley_766666,11231,-0.03688571353753403,-2.3899569450679787,-2.212952771360879,0.14011846016956567,3.3385905027389526,0.0,0.7749999940395356,-4.979629155496757,-1
mobley_766666,11232,0.6734738349914551,0.5826109744336229,0.7596151481407225,0.8504780086985548,0.45355935394763947,0.1,0.7690476179122925,-0.46221936096747723,-1
mobley_7794077,9354,-0.8135737975438436,-0.6022833281855087,-0.42527915447840897,-0.636569623836744,0.08380657061934471,0.2,0.8151225507259369,-0.3039071202278137,1
mobley_7794077,9355,-1.5547629992167156,-0.6022833281855087,-0.42527915447840897,-1.3777588255096158,0.08380657061934471,0.2,0.8151225507259369,-0.3039071202278137,1
mobley_7794077,9356,0.5556439658006032,0.18345460664054622,0.3604587803476459,0.7326481395077029,0.1483369097113609,0.2,0.8148809492588043,0.15816787909716365,1
mobley_7794077,9357,0.013467150429884592,0.1770001487340206,0.3540043224411203,0.19047132413698428,0.10280694067478174,0.4,0.7817226946353912,0.141311447819074,1
mobley_7794077,9359,0.11878519070645172,0.07776047295189109,0.2547646466589908,0.2957893644135514,0.26707374304533,0.2,0.9333333492279052,0.08263968409931596,1
mobley_7794077,9361,-1.1243099371592205,-0.6022833281855087,-0.42527915447840897,-0.9473057634521207,0.08380657061934471,0.2,0.8151225507259369,-0.3039071202278137,1
mobley_7794077,9362,0.5736255049705505,0.3665955955909359,0.5435997692980357,0.7506296786776503,0.1411279514431953,0.0,0.8794505357742309,0.37177246926973256,1
mobley_7794077,9363,0.6656744480133057,0.3665955955909359,0.5435997692980357,0.8426786217204054,0.1411279514431953,0.0,0.8794505357742309,0.37177246926973256,1
mobley_7794077,9364,0.6655866503715515,0.3665955955909359,0.5435997692980357,0.8425908240786513,0.1411279514431953,0.0,0.8794505357742309,0.37177246926973256,1
mobley_7794077,9365,0.5987041393915812,0.33881765136481196,0.5158218250719117,0.7757083130986808,0.22524765878915784,0.0,0.8178571403026581,0.23753604578475157,1
mobley_7794077,9366,-0.27989572992858786,0.33881765136481196,0.5158218250719117,-0.10289155622148816,0.22524765878915784,0.0,0.8178571403026581,0.23753604578475157,1
mobley_7794077,9367,0.572107215722402,0.33881765136481196,0.5158218250719117,0.7491113894295016,0.22524765878915784,0.0,0.8178571403026581,0.23753604578475157,1
mobley_8208692,10154,0.3128809928894044,-0.39832558110076993,-0.22132140739367023,0.4898851665965041,0.15360263735055918,0.2,1.0,-0.47477957407633464,-1
mobley_8208692,10155,-0.7604648272196451,-0.39832558110076993,-0.22132140739367023,-0.5834606535125455,0.15360263735055918,0.2,1.0,-0.47477957407633464,-1
mobley_8208692,10157,-0.3051150068640709,-0.4567393268573519,-0.2797351531502522,-0.1281108331569712,0.15360263735055918,0.2,0.9090909361839294,-0.4750188072522481,-1
mobley_8208692,10158,-0.29451373716195417,-0.4567393268573519,-0.2797351531502522,-0.11750956345485447,0.15360263735055918,0.2,0.9090909361839294,-0.4750188072522481,-1
mobley_8208692,10159,-1.0352366765340169,-1.7180291793980074,-1.5410250056909076,-0.8582325028269171,7.130662679672241,0.0,0.9018181681632995,-5.74927376403163,-1
mobley_8208692,10160,-4.811939050753912,-2.5786846091616575,-2.401680435454558,-4.634934877046812,5.607925653457642,0.0,0.9318181693553924,-3.534756826609373,-1
mobley_8208692,10161,-5.825272619724274,-1.7180291793980074,-1.5410250056909076,-5.648268446017174,7.130662679672241,0.0,0.9018181681632995,-5.74927376403163,-1
mobley_8208692,10162,0.052311400572458866,-0.29802146088827947,-0.12101728718117977,0.22931557427955856,0.9139134734869003,0.0,0.9310606241226196,-1.6532580362632872,-1
mobley_8208692,10163,-0.2424889852603276,-0.39832558110076993,-0.22132140739367023,-0.06548481155322791,0.15360263735055918,0.2,1.0,-0.47477957407633464,-1
mobley_8208692,10169,0.0953341076771418,-0.29802146088827947,-0.12101728718117977,0.2723382813842415,0.9139134734869003,0.0,0.9310606241226196,-1.6532580362632872,-1
mobley_8208692,10170,-2.9750651891032853,-1.9683791280770777,-1.791374954369978,-2.798061015396186,2.7334561347961426,0.0,0.9545454680919647,-2.858590203213195,-1
mobley_8208692,10171,-1.5817998920877774,-2.5786846091616575,-2.401680435454558,-1.4047957183806776,5.607925653457642,0.0,0.9318181693553924,-3.534756826609373,-1
mobley_8208692,10172,-0.06065463119496903,-0.29802146088827947,-0.12101728718117977,0.11634954251213067,0.9139134734869003,0.0,0.9310606241226196,-1.6532580362632872,-1
mobley_8208692,10173,1.0009703636169434,-0.31237976440433124,-0.13537559069723154,1.1779745373240431,0.1087856516242027,0.2,0.9818181872367859,0.16673238016664976,-1
mobley_8208692,10174,0.8385443886121114,-0.31237976440433124,-0.13537559069723154,1.015548562319211,0.1087856516242027,0.2,0.9818181872367859,0.16673238016664976,-1
mobley_8311303,10253,-0.6291081508000692,-0.4702902657168628,-0.2932860920097631,-0.4521039770929695,0.09567689523100845,0.5,1.0,-0.4410123683512211,1
mobley_8311303,10262,-0.3171507964531581,-0.4702902657168628,-0.2932860920097631,-0.14014662274605838,0.09567689523100845,0.5,1.0,-0.4410123683512211,1
mobley_8311303,10265,0.2557310536503792,-0.10917378008597196,0.06783039362112774,0.4327352273574789,0.1776195913553238,0.0,0.9846153855323792,-0.17997670471668242,1
mobley_8311303,10266,-0.16649300853411356,-0.08905900378293054,0.08794516992416916,0.010511165172986142,1.154074788093567,0.4,1.0,-0.6130575823287169,1
mobley_8311303,10267,-0.16642435267567632,-0.08905900378293054,0.08794516992416916,0.010579821031423381,1.154074788093567,0.4,1.0,-0.6130575823287169,1
mobley_8311303,10268,0.255726786951224,-0.10917378008597196,0.06783039362112774,0.4327309606583237,0.1776195913553238,0.0,0.9846153855323792,-0.17997670471668242,1
mobley_8311303,10270,0.20287881543238953,0.09128108069354479,0.2682852544006445,0.37988298913948926,0.06037260219454765,0.4,0.9299999833106994,-0.21625333720197276,1
mobley_8311303,10271,0.8804043134053549,0.3918768921119769,0.5688810658190766,1.0574084871124545,0.1710080876946449,0.2,0.946153849363327,0.23604637297491235,1
mobley_8311303,10272,-0.22762985403339067,0.7528980319312056,0.9299022056383053,-0.05062568032629097,0.1205066889524459,0.0,1.0,0.6059044280399879,1
mobley_8311303,10273,1.2069190740585327,0.3918768921119769,0.5688810658190766,1.3839232477656325,0.1710080876946449,0.2,0.946153849363327,0.23604637297491235,1
mobley_8311303,10274,-0.7283889502286911,0.7528980319312056,0.9299022056383053,-0.5513847765215913,0.1205066889524459,0.0,1.0,0.6059044280399879,1
mobley_9507933,10125,-0.30256836613019306,-0.7204168742623253,-0.5434127005552256,-0.12556419242309336,0.0710840635001659,0.3,1.0,-0.6886929671745747,-1
mobley_9507933,10126,-0.11577018117532133,-0.7204168742623253,-0.5434127005552256,0.06123399253177837,0.0710840635001659,0.3,1.0,-0.6886929671745747,-1
mobley_9507933,10132,-0.047697514295578,-0.7204168742623253,-0.5434127005552256,0.1293066594115217,0.0710840635001659,0.3,1.0,-0.6886929671745747,-1
mobley_9507933,10133,0.062158320719997134,0.24706564986487492,0.42406982357197465,0.23916249442709683,0.0519526824355125,0.5,1.0,0.27585577828188734,-1
mobley_9507933,10134,-0.32793693741162616,0.24706564986487492,0.42406982357197465,-0.15093276370452646,0.0519526824355125,0.5,1.0,0.27585577828188734,-1
mobley_9507933,10135,0.11439124844036995,0.24706564986487492,0.42406982357197465,0.29139542214746966,0.0519526824355125,0.5,1.0,0.27585577828188734,-1
mobley_9507933,10139,-0.6919607917467753,0.24706564986487492,0.42406982357197465,-0.5149566180396756,0.0519526824355125,0.5,1.0,0.27585577828188734,-1
mobley_9507933,10140,-0.20782860120137528,0.24706564986487492,0.42406982357197465,-0.03082442749427558,0.0519526824355125,0.5,1.0,0.27585577828188734,-1
mobley_9507933,10141,-0.18064127365748087,0.24706564986487492,0.42406982357197465,-0.0036370999503811674,0.0519526824355125,0.5,1.0,0.27585577828188734,-1
mobley_951560,9701,0.3969758152961731,0.3127301897056354,0.4897343634127351,0.5739799890032729,0.0681235752999782,0.2,1.0,0.30015984143440916,1
mobley_951560,9704,0.3969728449980418,0.3127301897056354,0.4897343634127351,0.5739770187051415,0.0681235752999782,0.2,1.0,0.30015984143440916,1
mobley_951560,9705,0.025776003797849032,0.3127301897056354,0.4897343634127351,0.20278017750494873,0.0681235752999782,0.2,1.0,0.30015984143440916,1
mobley_951560,9707,0.39697088797887164,0.3127301897056354,0.4897343634127351,0.5739750616859713,0.0681235752999782,0.2,1.0,0.30015984143440916,1
mobley_951560,9708,0.39696980516115826,0.3127301897056354,0.4897343634127351,0.573973978868258,0.0681235752999782,0.2,1.0,0.30015984143440916,1
mobley_951560,9710,0.0257939373453458,0.3127301897056354,0.4897343634127351,0.2027981110524455,0.0681235752999782,0.2,1.0,0.30015984143440916,1
mobley_9741965,10276,-0.6522312760353088,-0.6973425226850888,-0.5203383489779891,-0.47522710232820914,0.07233307510614395,0.2,0.9323809504508972,-0.7912540443552037,1
mobley_9741965,10280,-0.765588790178299,-0.7251147289409143,-0.5481105552338146,-0.5885846164711992,0.3400025814771652,0.0,0.9143773019313812,-0.7444506535927454,1
mobley_9741965,10282,0.502722293138504,0.8593223600879822,1.036326533795082,0.6797264668456038,0.2664181888103485,0.2,0.9833333373069764,0.6618078798055649,1
mobley_9741965,10284,-1.1062570412953694,-0.1758429106490387,0.0011612630580609962,-0.9292528675882696,0.2563024833798408,0.2,0.9241758227348328,-0.6729178035631775,1
mobley_9741965,10285,0.5654974778493246,0.1310400467343372,0.30804422044143687,0.7425016515564242,0.0725910756736993,0.4,0.9230769276618958,0.13251133002340795,1
mobley_9741965,10286,0.6748261253039042,0.11116529175410052,0.2881694654612002,0.8518302990110038,0.06618669815361494,0.5,1.0,0.26677978926648693,1
mobley_9741965,10288,0.4801412920157115,0.18651563278757943,0.36351980649467913,0.6571454657228112,0.05209412984549995,0.5,0.9452380895614624,0.09516962254419922,1
