seed,mol,p_hdf5,p_fresh_single,p_fresh_tta5,true
42,mobley_9534740,-3.1896450519561768,-2.907017469406128,-3.3811516761779785,-25.47
42,mobley_6239320,-4.043542385101318,-4.043542385101318,-4.043542385101318,-18.06
42,mobley_7794077,-3.0532498359680176,-3.0532498359680176,-3.0532498359680176,-15.46
42,mobley_7415647,-2.248741626739502,-2.248741626739502,-2.248780846595764,-11.95
42,mobley_1728386,-4.61905574798584,-4.61905574798584,-4.61905574798584,-11.0
42,mobley_2269032,-6.7071003913879395,-7.466309070587158,-7.188255945841472,-10.21
42,mobley_2913224,-5.995882034301758,-5.995882034301758,-5.9958717823028564,-9.94
42,mobley_2659552,-2.138895034790039,-2.0751585960388184,-2.1070268154144287,-9.76
42,mobley_7176290,-4.471529483795166,-4.471529483795166,-4.471529483795166,-9.62
42,mobley_2295058,-3.14589524269104,-3.14589524269104,-3.14589524269104,-9.51
42,mobley_6055410,-8.23505687713623,-8.23505687713623,-8.196181615193685,-9.4
42,mobley_4639255,1.122180700302124,1.122180700302124,1.122180700302124,-9.3
42,mobley_1417007,-14.853409767150879,-14.853398323059082,-14.853396733601889,-9.01
42,mobley_6115639,0.9852461218833923,0.9852461218833923,0.9853187501430511,-8.7
42,mobley_6353617,-3.1695311069488525,-3.1695311069488525,-3.231098771095276,-8.26
42,mobley_2725215,-9.845052719116211,-9.845052719116211,-8.35685691833496,-7.98
42,mobley_7039935,-4.054368495941162,-4.054368495941162,-4.054368495941162,-7.67
42,mobley_4059279,-1.0941848754882812,-2.3177194595336914,-1.7059521675109863,-7.58
42,mobley_951560,-1.4273109436035156,-1.4273109436035156,-1.4273109436035156,-7.4
42,mobley_1922649,-2.4777297973632812,-3.8539111614227295,-3.009183168411255,-7.19
42,mobley_8798016,-3.921454906463623,-3.921454906463623,-3.921454906463623,-7.0
42,mobley_1858644,-3.5198285579681396,-3.5198285579681396,-3.2274266481399536,-6.79
42,mobley_9114381,0.6122426390647888,0.6122426390647888,0.08647572249174118,-6.72
42,mobley_5311804,-2.8137359619140625,-2.8137359619140625,-2.8137359619140625,-6.62
42,mobley_6743808,-4.341241359710693,-4.341241359710693,-4.341241359710693,-6.5
42,mobley_8789864,2.2572524547576904,2.2572524547576904,2.2572301626205444,-6.4
42,mobley_7009711,-6.061413288116455,-6.061413288116455,-6.061413288116455,-6.27
42,mobley_8789465,-2.801081657409668,-2.801081657409668,-2.801081657409668,-6.2
42,mobley_2923700,-4.36592435836792,-4.36592435836792,-4.36592435836792,-6.13
42,mobley_4780078,-2.168344497680664,-2.168344497680664,-2.168344497680664,-6.01
42,mobley_5467162,-5.0480499267578125,-5.0480499267578125,-5.0480499267578125,-5.91
42,mobley_6257907,-7.0700788497924805,-7.0700788497924805,-7.0700788497924805,-5.82
42,mobley_7913234,-1.805036187171936,-2.35957932472229,-1.9125446319580077,-5.73
42,mobley_5518547,-7.638608455657959,-7.638608455657959,-7.638608455657959,-5.57
42,mobley_4883284,-5.225617408752441,-5.225617408752441,-5.225617408752441,-5.49
42,mobley_5220185,-3.940424680709839,-3.940424680709839,-3.9405471086502075,-5.45
42,mobley_3359593,-4.69285774230957,-4.69285774230957,-4.697599649429321,-5.26
42,mobley_4683624,-5.718870162963867,-5.381691932678223,-5.494095325469971,-5.21
42,mobley_1636752,1.700021743774414,1.700021743774414,1.700021743774414,-5.1
42,mobley_2310185,0.36537232995033264,0.36537232995033264,0.36537232995033264,-5.0
42,mobley_3682850,-1.6840100288391113,-1.6840100288391113,-1.6840100288391113,-4.91
42,mobley_1363784,-5.498795509338379,-5.498795509338379,-5.498795509338379,-4.84
42,mobley_2837389,-1.3191299438476562,-1.3191299438476562,-1.3191299438476562,-4.78
42,mobley_9507933,-6.230099678039551,-6.230099678039551,-6.230099678039551,-4.72
42,mobley_296847,-0.43055978417396545,-0.43055978417396545,-0.43055978417396545,-4.69
42,mobley_8208692,-5.3998565673828125,-5.40073299407959,-5.400294780731201,-4.61
42,mobley_4884177,-3.156836748123169,-3.1567962169647217,-3.1568164825439453,-4.59
42,mobley_6714389,1.094557285308838,1.094557285308838,1.094557285308838,-4.55
42,mobley_2245668,0.15490210056304932,0.15490210056304932,-0.10954636335372925,-4.5
42,mobley_5973402,-1.5742599964141846,-1.5742599964141846,-0.8899252613385519,-4.42
42,mobley_3546460,-2.2770004272460938,-2.2032430171966553,-2.1673784017562867,-4.4
42,mobley_8311303,-3.0419604778289795,-3.0419604778289795,-3.0419604778289795,-4.38
42,mobley_9741965,-1.0057274103164673,-1.0057274103164673,0.23610750772058964,-4.29
42,mobley_4603202,3.3240115642547607,1.0622003078460693,2.204285204410553,-4.23
42,mobley_628086,0.5231265425682068,0.5231265425682068,0.5231265425682068,-4.16
42,mobley_4620651,-0.7047594785690308,-0.15564070641994476,-0.43020009249448776,-4.1
42,mobley_7977115,-1.5261998176574707,-1.8443996906280518,-1.3685998717943828,-4.06
42,mobley_2789243,-1.773596167564392,-1.773596167564392,-1.773596167564392,-4.01
42,mobley_3968739,-0.3023067116737366,-0.3023067116737366,-0.3023067116737366,-3.92
42,mobley_63712,-1.046797513961792,-1.046797513961792,-1.046797513961792,-3.88
42,mobley_1046331,-2.9715771675109863,-2.9715771675109863,-2.9715771675109863,-3.82
42,mobley_1160109,-6.241133213043213,-6.241133213043213,-4.793105761210124,-3.75
42,mobley_4149784,-5.530550956726074,-5.530550956726074,-5.530550956726074,-3.67
42,mobley_397645,-1.3874727487564087,-1.830045461654663,-1.6825249195098877,-3.64
42,mobley_4690963,0.8908236622810364,-0.9541176557540894,-0.18080530315637589,-3.54
42,mobley_1967551,-1.8379616737365723,-1.8379616737365723,-1.8379616737365723,-3.5
42,mobley_6733657,-9.46372127532959,-9.46372127532959,-9.46372127532959,-3.44
42,mobley_9565165,-5.122688293457031,-5.122688293457031,-5.122688293457031,-3.35
42,mobley_2487143,-0.5141871571540833,-0.5141871571540833,-0.8176051825284958,-3.28
42,mobley_8449031,0.0937294289469719,0.392409086227417,-0.21693935990333557,-3.22
42,mobley_172879,-2.981137275695801,-2.981137275695801,-2.981137275695801,-3.15
42,mobley_5346580,-0.5866215825080872,-0.5866215825080872,-0.5866215825080872,-3.11
42,mobley_3573480,-1.5044879913330078,-1.8628203868865967,-1.5800355553627015,-3.04
42,mobley_1075836,1.7054166793823242,1.2842220067977905,1.4948193430900574,-2.93
42,mobley_6102880,-1.9597632884979248,-1.9597924947738647,-1.9597888787587483,-2.87
42,mobley_1827204,-3.2717299461364746,-3.1473560333251953,-2.8935280323028563,-2.81
42,mobley_2146331,-2.3289289474487305,-2.3289289474487305,-2.3289289474487305,-2.75
42,mobley_7943327,0.6326491236686707,0.22232672572135925,0.09894091188907624,-2.68
42,mobley_5110043,-7.795260429382324,-7.795260429382324,-7.795260429382324,-2.63
42,mobley_5616693,-5.321097373962402,-4.257135391235352,-4.628454029560089,-2.53
42,mobley_6619554,-1.4575856924057007,-0.7963669896125793,-1.052159309387207,-2.49
42,mobley_6359156,-1.8402347564697266,-1.8402364253997803,-1.8402355909347534,-2.46
42,mobley_1781152,1.0695313215255737,1.0695313215255737,1.0695313215255737,-2.4
42,mobley_859464,-2.328739643096924,-2.328739643096924,-2.465813159942627,-2.36
42,mobley_7150646,-1.8091880083084106,-1.8091880083084106,-1.8091880083084106,-2.3
42,mobley_1592519,-2.282884359359741,-2.2844648361206055,-2.187149262428284,-2.23
42,mobley_5538249,-1.9642552137374878,-1.9642552137374878,-1.9642552137374878,-2.16
42,mobley_6911232,2.565964937210083,2.565964937210083,1.7161571085453033,-2.1
42,mobley_3269565,2.2602808475494385,2.2602808475494385,2.2602808475494385,-2.01
42,mobley_2484519,-0.688444972038269,-0.688444972038269,-0.688444972038269,-1.93
42,mobley_7690440,1.2282027006149292,1.2282027006149292,1.2282103896141052,-1.83
42,mobley_3802803,-2.6457161903381348,-2.6457161903381348,-0.8397800922393799,-1.66
42,mobley_1144156,1.5570244789123535,1.5570244789123535,0.7777038365602493,-1.59
42,mobley_2481002,-7.0147480964660645,-7.0147480964660645,-7.0147480964660645,-1.45
42,mobley_2489709,-0.24510926008224487,-0.24510926008224487,-0.24510926008224487,-1.36
42,mobley_5052949,-1.5502758026123047,-1.5502758026123047,-0.17197651863098146,-1.28
42,mobley_2492140,-26.515975952148438,-26.515975952148438,-26.515975952148438,-1.23
42,mobley_7542832,-0.3672196567058563,-0.3672196567058563,-0.3516743004322052,-1.16
42,mobley_7814642,-2.261216640472412,-2.261216640472412,-2.261216640472412,-1.12
42,mobley_1563176,-0.5691541433334351,1.315571904182434,0.6976794973015785,-0.99
42,mobley_1873346,-1.8178211450576782,-1.8178211450576782,-1.8178211450576782,-0.9
42,mobley_3040612,-1.9493893384933472,-1.9493893384933472,-1.9493802785873413,-0.85
42,mobley_4483973,0.13021902740001678,0.13021902740001678,0.13021902740001678,-0.8
42,mobley_9913368,-0.8994329571723938,-0.8994329571723938,-0.8994329571723938,-0.78
42,mobley_1449384,-3.7039334774017334,-3.7039334774017334,-3.7039334774017334,-0.68
42,mobley_7708038,0.7078643441200256,0.7078643441200256,0.7078643441200256,-0.56
42,mobley_8311321,-2.131626605987549,-2.131626605987549,-2.131626605987549,-0.5
42,mobley_766666,-2.357311725616455,-2.357311725616455,-2.357311725616455,-0.44
42,mobley_5445548,-1.4742107391357422,-1.4742107391357422,-1.4742107391357422,-0.3
42,mobley_9029594,-0.4427282214164734,-0.4427282214164734,-0.4427282214164734,-0.22
42,mobley_3370989,-1.783547282218933,-1.783547282218933,-1.783547282218933,-0.11
42,mobley_627267,0.1861429065465927,0.1861429065465927,0.3454213961958885,-0.03
42,mobley_6250025,-2.7692036628723145,-2.089008331298828,-2.0265572369098663,0.08
42,mobley_4252724,-3.6681361198425293,-3.6681361198425293,-3.6681361198425293,0.16
42,mobley_7157427,-2.72615122795105,-1.197843313217163,-1.9885879039764405,0.29
42,mobley_8885088,-0.32813578844070435,-0.32813578844070435,-0.32813578844070435,0.56
42,mobley_8522124,-4.003475666046143,-2.3097593784332275,-2.9097936153411865,0.71
42,mobley_4678740,-1.335344910621643,-1.335344910621643,-1.335344910621643,1.07
42,mobley_2689721,-2.3235137462615967,-2.3235137462615967,-2.3235137462615967,1.23
42,mobley_1662128,0.9691709280014038,0.9691781401634216,0.9691745340824127,1.38
42,mobley_4762983,-2.59635591506958,-1.8663007020950317,-1.916943520307541,1.66
42,mobley_7732703,-0.8300034403800964,-0.8300034403800964,-0.8300034403800964,1.79
42,mobley_2068538,0.8470697402954102,0.8470697402954102,0.8470697402954102,2.0
42,mobley_5157661,0.47805944085121155,0.47805944085121155,0.47805944085121155,2.3
42,mobley_1261349,3.0126161575317383,3.0126161575317383,3.0126161575317383,2.51
42,mobley_2328633,-6.13964319229126,-7.108748912811279,-6.0230128288269045,2.55
42,mobley_8436428,-1.6973499059677124,-0.9703699946403503,-1.4550265272458394,2.83
42,mobley_3060426,-1.9892616271972656,-4.2615766525268555,-3.1254071593284607,2.93
42,mobley_2197088,-4.643301486968994,-3.7046680450439453,-4.2960468292236325,3.16
123,mobley_9534740,-3.687382221221924,-3.1798553466796875,-3.7243504524230957,-25.47
123,mobley_6239320,-2.075843334197998,-2.075843334197998,-2.075843334197998,-18.06
123,mobley_7794077,-0.2166031301021576,-0.2166031301021576,-0.2166031301021576,-15.46
123,mobley_7415647,-4.347577095031738,-4.347577095031738,-4.34759521484375,-11.95
123,mobley_1728386,-3.3100662231445312,-3.3100662231445312,-3.3100662231445312,-11.0
123,mobley_2269032,-5.005791187286377,-5.732911586761475,-5.420541445414226,-10.21
123,mobley_2913224,-3.8455822467803955,-3.8455822467803955,-3.8455859422683716,-9.94
123,mobley_2659552,-2.526942491531372,-2.5437779426574707,-2.5353602170944214,-9.76
123,mobley_7176290,-3.8538594245910645,-3.8538594245910645,-3.8538594245910645,-9.62
123,mobley_2295058,-2.2056870460510254,-2.2056870460510254,-2.2056870460510254,-9.51
123,mobley_6055410,-7.856781005859375,-7.856781005859375,-7.265214761098226,-9.4
123,mobley_4639255,0.9603051543235779,0.9603051543235779,0.9603051543235779,-9.3
123,mobley_1417007,-76.93344116210938,-76.93340301513672,-76.93335469563802,-9.01
123,mobley_6115639,3.118838310241699,3.118838310241699,3.118958592414856,-8.7
123,mobley_6353617,-2.086465358734131,-2.086465358734131,-2.25979483127594,-8.26
123,mobley_2725215,-10.430365562438965,-10.430365562438965,-8.98035831451416,-7.98
123,mobley_7039935,-3.726841449737549,-3.726841449737549,-3.726841449737549,-7.67
123,mobley_4059279,-2.764071464538574,-4.014495372772217,-3.3892834186553955,-7.58
123,mobley_951560,-3.1727757453918457,-3.1727757453918457,-3.1727757453918457,-7.4
123,mobley_1922649,-2.9446065425872803,-4.704980850219727,-3.7538473129272463,-7.19
123,mobley_8798016,-3.5322093963623047,-3.5322093963623047,-3.5322093963623047,-7.0
123,mobley_1858644,-4.344850063323975,-4.344850063323975,-3.8677438497543335,-6.79
123,mobley_9114381,1.5037734508514404,1.5037734508514404,0.8969095945358276,-6.72
123,mobley_5311804,-2.896172523498535,-2.896172523498535,-2.896172523498535,-6.62
123,mobley_6743808,-3.030371904373169,-3.030371904373169,-3.030371904373169,-6.5
123,mobley_8789864,3.4941415786743164,3.4941415786743164,3.49411940574646,-6.4
123,mobley_7009711,-4.829668998718262,-4.829668998718262,-4.829668998718262,-6.27
123,mobley_8789465,-1.8736813068389893,-1.8736813068389893,-1.8736813068389893,-6.2
123,mobley_2923700,-4.255824565887451,-4.255824565887451,-4.255824565887451,-6.13
123,mobley_4780078,-1.3329813480377197,-1.3329813480377197,-1.3329813480377197,-6.01
123,mobley_5467162,-2.5642824172973633,-2.5642824172973633,-2.5642824172973633,-5.91
123,mobley_6257907,-8.300707817077637,-8.300707817077637,-8.300707817077637,-5.82
123,mobley_7913234,-2.5792243480682373,-2.968933343887329,-2.8094454288482664,-5.73
123,mobley_5518547,-7.156461715698242,-7.156461715698242,-7.156461715698242,-5.57
123,mobley_4883284,-5.186679840087891,-5.186679840087891,-5.186679840087891,-5.49
123,mobley_5220185,-3.5347752571105957,-3.5347752571105957,-3.5349338054656982,-5.45
123,mobley_3359593,-4.662947654724121,-4.662947654724121,-4.610224723815918,-5.26
123,mobley_4683624,-6.2213134765625,-6.1379618644714355,-6.165754318237305,-5.21
123,mobley_1636752,2.104872226715088,2.104872226715088,2.104872226715088,-5.1
123,mobley_2310185,0.07640086114406586,0.07640086114406586,0.07640086114406586,-5.0
123,mobley_3682850,-3.1745429039001465,-3.1745429039001465,-3.1745429039001465,-4.91
123,mobley_1363784,-4.496618747711182,-4.496618747711182,-4.496618747711182,-4.84
123,mobley_2837389,-1.7506890296936035,-1.7506890296936035,-1.7506890296936035,-4.78
123,mobley_9507933,-3.838712453842163,-3.838712453842163,-3.838712453842163,-4.72
123,mobley_296847,-0.449093222618103,-0.449093222618103,-0.449093222618103,-4.69
123,mobley_8208692,-41.62303924560547,-41.621482849121094,-41.62226104736328,-4.61
123,mobley_4884177,-3.4536285400390625,-3.453611373901367,-3.453619956970215,-4.59
123,mobley_6714389,4.620676040649414,4.620676040649414,4.620676040649414,-4.55
123,mobley_2245668,0.44043460488319397,0.44043460488319397,1.026813343167305,-4.5
123,mobley_5973402,-1.6186944246292114,-1.6186944246292114,-1.1374483704566956,-4.42
123,mobley_3546460,-3.8749966621398926,-3.5937559604644775,-3.6060839176177977,-4.4
123,mobley_8311303,-6.774221420288086,-6.774221420288086,-6.774221420288086,-4.38
123,mobley_9741965,1.8014296293258667,1.8014296293258667,2.4091479182243347,-4.29
123,mobley_4603202,1.144175410270691,0.03872247412800789,0.8555427985265851,-4.23
123,mobley_628086,2.7771363258361816,2.7771363258361816,2.7771363258361816,-4.16
123,mobley_4620651,-0.12717010080814362,0.7648779153823853,0.3188539072871208,-4.1
123,mobley_7977115,-2.4751951694488525,-2.4416732788085938,-2.164853493372599,-4.06
123,mobley_2789243,-2.0394344329833984,-2.0394344329833984,-2.0394344329833984,-4.01
123,mobley_3968739,0.22812652587890625,0.22812652587890625,0.22812652587890625,-3.92
123,mobley_63712,-2.9279134273529053,-2.9279134273529053,-2.9279134273529053,-3.88
123,mobley_1046331,-3.102994680404663,-3.102994680404663,-3.102994680404663,-3.82
123,mobley_1160109,-6.819536209106445,-6.819536209106445,-5.3589151700337725,-3.75
123,mobley_4149784,-6.355781078338623,-6.355781078338623,-6.355781078338623,-3.67
123,mobley_397645,-1.528709888458252,-2.0245468616485596,-1.8592747847239177,-3.64
123,mobley_4690963,0.07940042018890381,-1.3741036653518677,-0.700536847114563,-3.54
123,mobley_1967551,-1.4761276245117188,-1.4761276245117188,-1.4761276245117188,-3.5
123,mobley_6733657,-57.54729080200195,-57.54729080200195,-57.54729080200195,-3.44
123,mobley_9565165,-5.540609836578369,-5.540609836578369,-5.540609836578369,-3.35
123,mobley_2487143,-1.1069059371948242,-1.1069059371948242,-1.2686970233917236,-3.28
123,mobley_8449031,-0.18751241266727448,-0.17499181628227234,-0.3983832597732544,-3.22
123,mobley_172879,-3.019792318344116,-3.019792318344116,-3.019792318344116,-3.15
123,mobley_5346580,2.9283652305603027,2.9283652305603027,2.9283652305603027,-3.11
123,mobley_3573480,-2.3030846118927,-2.4029359817504883,-2.278891110420227,-3.04
123,mobley_1075836,2.33683443069458,1.9390630722045898,2.137948751449585,-2.93
123,mobley_6102880,-2.256488561630249,-2.2565224170684814,-2.2565210660298667,-2.87
123,mobley_1827204,-4.614234447479248,-4.120464324951172,-3.8746437072753905,-2.81
123,mobley_2146331,-0.9774001240730286,-0.9774001240730286,-0.9774001240730286,-2.75
123,mobley_7943327,0.6989944577217102,0.15376392006874084,0.3091356545686722,-2.68
123,mobley_5110043,-7.027595520019531,-7.027595520019531,-7.027595520019531,-2.63
123,mobley_5616693,-6.228719234466553,-4.936855316162109,-5.4192270040512085,-2.53
123,mobley_6619554,-2.5311553478240967,-1.674813151359558,-1.9399953126907348,-2.49
123,mobley_6359156,-1.8306964635849,-1.8307193517684937,-1.8307079076766968,-2.46
123,mobley_1781152,5.041820049285889,5.041820049285889,5.041820049285889,-2.4
123,mobley_859464,-0.976930558681488,-0.976930558681488,-0.5243720412254333,-2.36
123,mobley_7150646,-2.303257465362549,-2.303257465362549,-2.303257465362549,-2.3
123,mobley_1592519,-3.525731325149536,-3.550116539001465,-3.3931107997894285,-2.23
123,mobley_5538249,-2.3679311275482178,-2.3679311275482178,-2.3679311275482178,-2.16
123,mobley_6911232,2.779052734375,2.779052734375,1.7453250885009766,-2.1
123,mobley_3269565,2.4176974296569824,2.4176974296569824,2.4176974296569824,-2.01
123,mobley_2484519,-0.791776716709137,-0.791776716709137,-0.791776716709137,-1.93
123,mobley_7690440,2.314523935317993,2.314523935317993,2.3145347833633423,-1.83
123,mobley_3802803,-2.5681850910186768,-2.5681850910186768,-0.4601565957069397,-1.66
123,mobley_1144156,1.4308809041976929,1.4308809041976929,0.7909792587161064,-1.59
123,mobley_2481002,-48.40164566040039,-48.40164566040039,-48.40164566040039,-1.45
123,mobley_2489709,-0.8724436163902283,-0.8724436163902283,-0.8724436163902283,-1.36
123,mobley_5052949,-2.540532350540161,-2.540532350540161,-1.3048990964889526,-1.28
123,mobley_2492140,-164.8037567138672,-164.8037567138672,-164.8037567138672,-1.23
123,mobley_7542832,-1.5351961851119995,-1.5351961851119995,-1.4117404043674469,-1.16
123,mobley_7814642,-2.450124502182007,-2.450124502182007,-2.450124502182007,-1.12
123,mobley_1563176,-1.4894487857818604,0.725235104560852,-0.0058571696281433105,-0.99
123,mobley_1873346,-1.5986725091934204,-1.5986725091934204,-1.5986725091934204,-0.9
123,mobley_3040612,-1.5803993940353394,-1.5803993940353394,-1.5803810358047485,-0.85
123,mobley_4483973,0.04458000510931015,0.04458000510931015,0.04458000510931015,-0.8
123,mobley_9913368,-0.2131110429763794,-0.2131110429763794,-0.2131110429763794,-0.78
123,mobley_1449384,-2.9305689334869385,-2.9305689334869385,-2.9305689334869385,-0.68
123,mobley_7708038,0.5872589945793152,0.5872589945793152,0.5872589945793152,-0.56
123,mobley_8311321,-1.2367342710494995,-1.2367342710494995,-1.2367342710494995,-0.5
123,mobley_766666,-13.659353256225586,-13.659353256225586,-13.659353256225586,-0.44
123,mobley_5445548,-0.9212198853492737,-0.9212198853492737,-0.9212198853492737,-0.3
123,mobley_9029594,0.6345468163490295,0.6345468163490295,0.6345468163490295,-0.22
123,mobley_3370989,0.7062027454376221,0.7062027454376221,0.7062027454376221,-0.11
123,mobley_627267,2.086272954940796,2.086272954940796,2.415178656578064,-0.03
123,mobley_6250025,-4.034192085266113,-3.3909311294555664,-3.2949264645576477,0.08
123,mobley_4252724,-4.370691299438477,-4.370691299438477,-4.370691299438477,0.16
123,mobley_7157427,-4.312112331390381,-2.7241199016571045,-3.410467529296875,0.29
123,mobley_8885088,-0.8933885097503662,-0.8933885097503662,-0.8933885097503662,0.56
123,mobley_8522124,-4.7285261154174805,-3.327460289001465,-3.8689413547515867,0.71
123,mobley_4678740,-0.2288910150527954,-0.2288910150527954,-0.2288910150527954,1.07
123,mobley_2689721,-4.3127899169921875,-4.3127899169921875,-4.3127899169921875,1.23
123,mobley_1662128,0.6980657577514648,0.6980740427970886,0.6980699002742767,1.38
123,mobley_4762983,-3.672539710998535,-2.7625083923339844,-2.8523136377334595,1.66
123,mobley_7732703,-2.1819655895233154,-2.1819655895233154,-2.1819655895233154,1.79
123,mobley_2068538,0.08257828652858734,0.08257828652858734,0.08257828652858734,2.0
123,mobley_5157661,1.6679885387420654,1.6679885387420654,1.6679885387420654,2.3
123,mobley_1261349,35.39039993286133,35.39039993286133,35.39039993286133,2.51
123,mobley_2328633,-8.328347206115723,-9.031535148620605,-8.126408958435059,2.55
123,mobley_8436428,-2.763690233230591,-1.9397929906845093,-2.4890687068303428,2.83
123,mobley_3060426,1.7556601762771606,-1.2778255939483643,0.23895999789237976,2.93
123,mobley_2197088,-6.843071937561035,-5.7690043449401855,-6.47642297744751,3.16
7,mobley_9534740,-46.3397331237793,-41.90421676635742,-47.21989631652832,-25.47
7,mobley_6239320,-136.47120666503906,-136.47120666503906,-136.47120666503906,-18.06
7,mobley_7794077,-140.30230712890625,-140.30230712890625,-140.30230712890625,-15.46
7,mobley_7415647,-71.1251220703125,-71.1251220703125,-71.12487030029297,-11.95
7,mobley_1728386,-13.322270393371582,-13.322270393371582,-13.322270393371582,-11.0
7,mobley_2269032,-13.428213119506836,-13.893122673034668,-13.702250480651855,-10.21
7,mobley_2913224,-43.1295051574707,-43.1295051574707,-43.1295280456543,-9.94
7,mobley_2659552,-14.193463325500488,-14.256993293762207,-14.225228309631348,-9.76
7,mobley_7176290,-65.16837310791016,-65.16837310791016,-65.16837310791016,-9.62
7,mobley_2295058,-7.154871940612793,-7.154871940612793,-7.154871940612793,-9.51
7,mobley_6055410,-34.9205207824707,-34.9205207824707,-35.229906717936196,-9.4
7,mobley_4639255,0.6381308436393738,0.6381308436393738,0.6381308436393738,-9.3
7,mobley_1417007,-392.4727783203125,-392.4723815917969,-392.47252400716144,-9.01
7,mobley_6115639,-48.86724090576172,-48.86724090576172,-48.867170333862305,-8.7
7,mobley_6353617,-5.445202827453613,-5.445202827453613,-6.819561958312988,-8.26
7,mobley_2725215,-247.6317138671875,-247.6317138671875,-237.59647216796876,-7.98
7,mobley_7039935,-4.799563884735107,-4.799563884735107,-4.799563884735107,-7.67
7,mobley_4059279,-14.8306884765625,-17.44556999206543,-16.138129234313965,-7.58
7,mobley_951560,-14.153636932373047,-14.153636932373047,-14.153636932373047,-7.4
7,mobley_1922649,-149.0682373046875,-146.72308349609375,-148.1873046875,-7.19
7,mobley_8798016,-5.085648536682129,-5.085648536682129,-5.085648536682129,-7.0
7,mobley_1858644,-4.771360397338867,-4.771360397338867,-4.351803660392761,-6.79
7,mobley_9114381,-16.33078956604004,-16.33078956604004,-15.087133169174194,-6.72
7,mobley_5311804,-3.3810179233551025,-3.3810179233551025,-3.3810179233551025,-6.62
7,mobley_6743808,-4.21793270111084,-4.21793270111084,-4.21793270111084,-6.5
7,mobley_8789864,-23.32741355895996,-23.32741355895996,-23.3273868560791,-6.4
7,mobley_7009711,-5.804407119750977,-5.804407119750977,-5.804407119750977,-6.27
7,mobley_8789465,-9.527190208435059,-9.527190208435059,-9.527190208435059,-6.2
7,mobley_2923700,-4.946962833404541,-4.946962833404541,-4.946962833404541,-6.13
7,mobley_4780078,-2.359104871749878,-2.359104871749878,-2.359104871749878,-6.01
7,mobley_5467162,-0.028147274628281593,-0.028147274628281593,-0.028147274628281593,-5.91
7,mobley_6257907,-24.000133514404297,-24.000133514404297,-24.000133514404297,-5.82
7,mobley_7913234,-3.2293941974639893,-3.892772674560547,-3.655604934692383,-5.73
7,mobley_5518547,-8.322089195251465,-8.322089195251465,-8.322089195251465,-5.57
7,mobley_4883284,-6.234374046325684,-6.234374046325684,-6.234374046325684,-5.49
7,mobley_5220185,-20.340055465698242,-20.340055465698242,-20.340205192565918,-5.45
7,mobley_3359593,-9.44709587097168,-9.44709587097168,-9.515767812728882,-5.26
7,mobley_4683624,-6.43419075012207,-6.359766006469727,-6.384576797485352,-5.21
7,mobley_1636752,1.4318662881851196,1.4318662881851196,1.4318662881851196,-5.1
7,mobley_2310185,0.01901024393737316,0.01901024393737316,0.01901024393737316,-5.0
7,mobley_3682850,-3.252760648727417,-3.252760648727417,-3.252760648727417,-4.91
7,mobley_1363784,-7.8383684158325195,-7.8383684158325195,-7.8383684158325195,-4.84
7,mobley_2837389,-1.1591140031814575,-1.1591140031814575,-1.1591140031814575,-4.78
7,mobley_9507933,-6.27346134185791,-6.27346134185791,-6.27346134185791,-4.72
7,mobley_296847,-1.6259846687316895,-1.6259846687316895,-1.6259846687316895,-4.69
7,mobley_8208692,-441.2986755371094,-441.29754638671875,-441.29811096191406,-4.61
7,mobley_4884177,-5.365663051605225,-5.365644454956055,-5.36565375328064,-4.59
7,mobley_6714389,0.7394669651985168,0.7394669651985168,0.7394669651985168,-4.55
7,mobley_2245668,0.9205273985862732,0.9205273985862732,1.3992808163166046,-4.5
7,mobley_5973402,-1.3178998231887817,-1.3178998231887817,-0.9021212855974833,-4.42
7,mobley_3546460,-3.8862667083740234,-3.97624135017395,-3.7698517799377442,-4.4
7,mobley_8311303,-272.15496826171875,-272.15496826171875,-272.15496826171875,-4.38
7,mobley_9741965,-160.9698028564453,-160.9698028564453,-169.42666625976562,-4.29
7,mobley_4603202,-30.35970687866211,-65.92345428466797,-53.824307441711426,-4.23
7,mobley_628086,-85.29814147949219,-85.29814147949219,-85.29814147949219,-4.16
7,mobley_4620651,-3.3480024337768555,-3.1328537464141846,-3.24042809009552,-4.1
7,mobley_7977115,-2.580794334411621,-2.755375385284424,-2.40673037370046,-4.06
7,mobley_2789243,-24.924198150634766,-24.924198150634766,-24.924198150634766,-4.01
7,mobley_3968739,-4.872515678405762,-4.872515678405762,-4.872515678405762,-3.92
7,mobley_63712,-3.1871750354766846,-3.1871750354766846,-3.1871750354766846,-3.88
7,mobley_1046331,-10.367955207824707,-10.367955207824707,-10.367955207824707,-3.82
7,mobley_1160109,-7.7238359451293945,-7.7238359451293945,-6.381973743438721,-3.75
7,mobley_4149784,-57.750953674316406,-57.750953674316406,-57.750953674316406,-3.67
7,mobley_397645,-6.406009197235107,-7.093541145324707,-6.864378134409587,-3.64
7,mobley_4690963,-0.936456561088562,-2.02009654045105,-1.4031597077846527,-3.54
7,mobley_1967551,-0.6608967781066895,-0.6608967781066895,-0.6608967781066895,-3.5
7,mobley_6733657,-742.247314453125,-742.247314453125,-742.247314453125,-3.44
7,mobley_9565165,-5.936028480529785,-5.936028480529785,-5.936028480529785,-3.35
7,mobley_2487143,-1.2411009073257446,-1.2411009073257446,-1.5081370770931244,-3.28
7,mobley_8449031,-0.6849219799041748,-1.0023671388626099,-1.0286452770233154,-3.22
7,mobley_172879,-18.739238739013672,-18.739238739013672,-18.739238739013672,-3.15
7,mobley_5346580,5.407850742340088,5.407850742340088,5.407850742340088,-3.11
7,mobley_3573480,-2.4923713207244873,-3.359823226928711,-2.682232928276062,-3.04
7,mobley_1075836,-0.9649402499198914,-1.8565436601638794,-1.4107419550418854,-2.93
7,mobley_6102880,-5.01861572265625,-5.018633842468262,-5.018635272979736,-2.87
7,mobley_1827204,-4.4432597160339355,-3.851184368133545,-3.7239821434020994,-2.81
7,mobley_2146331,-0.7415480613708496,-0.7415480613708496,-0.7415480613708496,-2.75
7,mobley_7943327,-2.098548650741577,-3.415761947631836,-2.80263409614563,-2.68
7,mobley_5110043,-7.815620422363281,-7.815620422363281,-7.815620422363281,-2.63
7,mobley_5616693,-7.694562911987305,-6.886019229888916,-7.246158003807068,-2.53
7,mobley_6619554,-5.479012966156006,-5.331613063812256,-5.663936138153076,-2.49
7,mobley_6359156,-45.06304168701172,-45.063114166259766,-45.06307792663574,-2.46
7,mobley_1781152,2.326911449432373,2.326911449432373,2.326911449432373,-2.4
7,mobley_859464,-3.7730319499969482,-3.7730319499969482,-3.728797733783722,-2.36
7,mobley_7150646,-2.750917434692383,-2.750917434692383,-2.750917434692383,-2.3
7,mobley_1592519,-6.7101874351501465,-6.777575969696045,-7.1093355178833,-2.23
7,mobley_5538249,-88.15619659423828,-88.15619659423828,-88.15619659423828,-2.16
7,mobley_6911232,2.011491060256958,2.011491060256958,1.0244013629853725,-2.1
7,mobley_3269565,1.8186482191085815,1.8186482191085815,1.8186482191085815,-2.01
7,mobley_2484519,-20.346389770507812,-20.346389770507812,-20.346389770507812,-1.93
7,mobley_7690440,-28.10529327392578,-28.10529327392578,-28.10523223876953,-1.83
7,mobley_3802803,-81.90216064453125,-81.90216064453125,-80.32181701660156,-1.66
7,mobley_1144156,0.8167237639427185,0.8167237639427185,0.31689243018627167,-1.59
7,mobley_2481002,-276.1513671875,-276.1513671875,-276.1513671875,-1.45
7,mobley_2489709,-70.4835433959961,-70.4835433959961,-70.4835433959961,-1.36
7,mobley_5052949,-9.19951057434082,-9.19951057434082,-9.967293548583985,-1.28
7,mobley_2492140,-379.60223388671875,-379.60223388671875,-379.60223388671875,-1.23
7,mobley_7542832,-1.498565912246704,-1.498565912246704,-1.2320607841014861,-1.16
7,mobley_7814642,-97.41387939453125,-97.41387939453125,-97.41387939453125,-1.12
7,mobley_1563176,-4.692375659942627,-5.813850402832031,-5.347909927368164,-0.99
7,mobley_1873346,-2.5100231170654297,-2.5100231170654297,-2.5100231170654297,-0.9
7,mobley_3040612,-2.680159330368042,-2.680159330368042,-2.6801453828811646,-0.85
7,mobley_4483973,-3.7234861850738525,-3.7234861850738525,-3.7234861850738525,-0.8
7,mobley_9913368,-31.72001075744629,-31.72001075744629,-31.72001075744629,-0.78
7,mobley_1449384,-3.9421463012695312,-3.9421463012695312,-3.9421463012695312,-0.68
7,mobley_7708038,1.1228030920028687,1.1228030920028687,1.1228030920028687,-0.56
7,mobley_8311321,-62.200984954833984,-62.200984954833984,-62.200984954833984,-0.5
7,mobley_766666,-128.5900115966797,-128.5900115966797,-128.5900115966797,-0.44
7,mobley_5445548,-1.7959123849868774,-1.7959123849868774,-1.7959123849868774,-0.3
7,mobley_9029594,0.35460910201072693,0.35460910201072693,0.35460910201072693,-0.22
7,mobley_3370989,-8.8801851272583,-8.8801851272583,-8.8801851272583,-0.11
7,mobley_627267,3.4022722244262695,3.4022722244262695,3.308298110961914,-0.03
7,mobley_6250025,-3.5773978233337402,-3.0947868824005127,-3.0004098415374756,0.08
7,mobley_4252724,-4.705915451049805,-4.705915451049805,-4.705915451049805,0.16
7,mobley_7157427,-23.24506950378418,-29.47425079345703,-24.95255241394043,0.29
7,mobley_8885088,-0.6934906840324402,-0.6934906840324402,-0.6934906840324402,0.56
7,mobley_8522124,-4.242580890655518,-3.1955132484436035,-3.6496735572814942,0.71
7,mobley_4678740,-107.64510345458984,-107.64510345458984,-107.64510345458984,1.07
7,mobley_2689721,-4.0811567306518555,-4.0811567306518555,-4.0811567306518555,1.23
7,mobley_1662128,0.5362098217010498,0.5362154841423035,0.5362126529216766,1.38
7,mobley_4762983,-3.5376579761505127,-2.879995584487915,-2.921277344226837,1.66
7,mobley_7732703,-113.61005401611328,-113.61005401611328,-113.61005401611328,1.79
7,mobley_2068538,0.4328816831111908,0.4328816831111908,0.4328816831111908,2.0
7,mobley_5157661,3.0452728271484375,3.0452728271484375,3.0452728271484375,2.3
7,mobley_1261349,17.408544540405273,17.408544540405273,17.408544540405273,2.51
7,mobley_2328633,-8.3218412399292,-9.226168632507324,-8.344657897949219,2.55
7,mobley_8436428,-2.6489815711975098,-2.0531818866729736,-2.4503914515177407,2.83
7,mobley_3060426,6.364360332489014,0.3472970426082611,3.3558687642216682,2.93
7,mobley_2197088,-6.915500640869141,-6.006031036376953,-6.7160076141357425,3.16
2024,mobley_9534740,-69.33763885498047,-61.47891616821289,-67.57162380218506,-25.47
2024,mobley_6239320,-174.0426025390625,-174.0426025390625,-174.0426025390625,-18.06
2024,mobley_7794077,-300.9937438964844,-300.9937438964844,-300.9937438964844,-15.46
2024,mobley_7415647,-111.66749572753906,-111.66749572753906,-111.66747283935547,-11.95
2024,mobley_1728386,-21.390520095825195,-21.390520095825195,-21.390520095825195,-11.0
2024,mobley_2269032,-18.294824600219727,-19.19213104248047,-18.940969467163086,-10.21
2024,mobley_2913224,-57.084815979003906,-57.084815979003906,-57.08487319946289,-9.94
2024,mobley_2659552,-19.02194595336914,-18.79789924621582,-18.90992259979248,-9.76
2024,mobley_7176290,-104.4748764038086,-104.4748764038086,-104.4748764038086,-9.62
2024,mobley_2295058,-1.88261079788208,-1.88261079788208,-1.88261079788208,-9.51
2024,mobley_6055410,-48.24467468261719,-48.24467468261719,-48.380715688069664,-9.4
2024,mobley_4639255,-0.5971782207489014,-0.5971782207489014,-0.5971782207489014,-9.3
2024,mobley_1417007,-412.4444580078125,-412.4445495605469,-412.4442850748698,-9.01
2024,mobley_6115639,-152.6857147216797,-152.6857147216797,-152.69027709960938,-8.7
2024,mobley_6353617,-6.408443450927734,-6.408443450927734,-6.558204889297485,-8.26
2024,mobley_2725215,-346.08074951171875,-346.08074951171875,-346.5301513671875,-7.98
2024,mobley_7039935,-6.684532165527344,-6.684532165527344,-6.684532165527344,-7.67
2024,mobley_4059279,-10.860462188720703,-9.502909660339355,-10.18168592453003,-7.58
2024,mobley_951560,-15.503047943115234,-15.503047943115234,-15.503047943115234,-7.4
2024,mobley_1922649,-316.16851806640625,-309.434814453125,-307.5630737304688,-7.19
2024,mobley_8798016,-3.9851176738739014,-3.9851176738739014,-3.9851176738739014,-7.0
2024,mobley_1858644,-5.994018077850342,-5.994018077850342,-5.833754539489746,-6.79
2024,mobley_9114381,-16.90752601623535,-16.90752601623535,-21.818100452423096,-6.72
2024,mobley_5311804,-3.7970669269561768,-3.7970669269561768,-3.7970669269561768,-6.62
2024,mobley_6743808,0.11784059554338455,0.11784059554338455,0.11784059554338455,-6.5
2024,mobley_8789864,-44.4648551940918,-44.4648551940918,-44.464982986450195,-6.4
2024,mobley_7009711,-1.859228253364563,-1.859228253364563,-1.859228253364563,-6.27
2024,mobley_8789465,-12.548588752746582,-12.548588752746582,-12.548588752746582,-6.2
2024,mobley_2923700,-6.108720779418945,-6.108720779418945,-6.108720779418945,-6.13
2024,mobley_4780078,2.078684091567993,2.078684091567993,2.078684091567993,-6.01
2024,mobley_5467162,23.108137130737305,23.108137130737305,23.108137130737305,-5.91
2024,mobley_6257907,-31.92742156982422,-31.92742156982422,-31.92742156982422,-5.82
2024,mobley_7913234,-0.9795386791229248,-1.751796007156372,-1.046007752418518,-5.73
2024,mobley_5518547,-5.069920539855957,-5.069920539855957,-5.069920539855957,-5.57
2024,mobley_4883284,-6.884707927703857,-6.884707927703857,-6.884707927703857,-5.49
2024,mobley_5220185,-17.029335021972656,-17.029335021972656,-17.02985954284668,-5.45
2024,mobley_3359593,-5.447367191314697,-5.447367191314697,-8.813172578811646,-5.26
2024,mobley_4683624,-4.254428386688232,-9.2385892868042,-7.577200094858806,-5.21
2024,mobley_1636752,0.16603675484657288,0.16603675484657288,0.16603675484657288,-5.1
2024,mobley_2310185,4.803311824798584,4.803311824798584,4.803311824798584,-5.0
2024,mobley_3682850,-7.4559125900268555,-7.4559125900268555,-7.4559125900268555,-4.91
2024,mobley_1363784,-2.7375407218933105,-2.7375407218933105,-2.7375407218933105,-4.84
2024,mobley_2837389,-1.0902129411697388,-1.0902129411697388,-1.0902129411697388,-4.78
2024,mobley_9507933,0.9347474575042725,0.9347474575042725,0.9347474575042725,-4.72
2024,mobley_296847,-2.6814396381378174,-2.6814396381378174,-2.6814396381378174,-4.69
2024,mobley_8208692,-510.2208557128906,-510.2334289550781,-510.2271423339844,-4.61
2024,mobley_4884177,-5.22787618637085,-5.227889537811279,-5.2278828620910645,-4.59
2024,mobley_6714389,6.212268829345703,6.212268829345703,6.212268829345703,-4.55
2024,mobley_2245668,13.690746307373047,13.690746307373047,16.97513484954834,-4.5
2024,mobley_5973402,10.946331024169922,10.946331024169922,8.999883015950521,-4.42
2024,mobley_3546460,-2.5240321159362793,-2.9464309215545654,-1.8320306062698364,-4.4
2024,mobley_8311303,-411.5395812988281,-411.5395812988281,-411.5395812988281,-4.38
2024,mobley_9741965,-344.3017272949219,-344.3017272949219,-365.036865234375,-4.29
2024,mobley_4603202,-17.228683471679688,-110.5453872680664,-74.02028846740723,-4.23
2024,mobley_628086,-205.3260955810547,-205.3260955810547,-205.3260955810547,-4.16
2024,mobley_4620651,-0.9649377465248108,-4.124426364898682,-2.544682055711746,-4.1
2024,mobley_7977115,-0.802410364151001,-0.7550408840179443,-0.11038402716318767,-4.06
2024,mobley_2789243,-37.00966262817383,-37.00966262817383,-37.00966262817383,-4.01
2024,mobley_3968739,0.35496774315834045,0.35496774315834045,0.35496774315834045,-3.92
2024,mobley_63712,-0.48008641600608826,-0.48008641600608826,-0.48008641600608826,-3.88
2024,mobley_1046331,-14.061675071716309,-14.061675071716309,-14.061675071716309,-3.82
2024,mobley_1160109,-5.842264652252197,-5.842264652252197,-4.550967059719066,-3.75
2024,mobley_4149784,-88.72382354736328,-88.72382354736328,-88.72382354736328,-3.67
2024,mobley_397645,-11.564407348632812,-10.517516136169434,-10.866491635640463,-3.64
2024,mobley_4690963,-0.7582000494003296,-4.389162540435791,-1.035520939156413,-3.54
2024,mobley_1967551,2.509803056716919,2.509803056716919,2.509803056716919,-3.5
2024,mobley_6733657,-1026.9674072265625,-1026.9674072265625,-1026.9674072265625,-3.44
2024,mobley_9565165,-8.222126960754395,-8.222126960754395,-8.222126960754395,-3.35
2024,mobley_2487143,5.1377272605896,5.1377272605896,5.60584020614624,-3.28
2024,mobley_8449031,9.957501411437988,9.471165657043457,10.020427703857422,-3.22
2024,mobley_172879,-23.717060089111328,-23.717060089111328,-23.717060089111328,-3.15
2024,mobley_5346580,41.71504592895508,41.71504592895508,41.71504592895508,-3.11
2024,mobley_3573480,3.045638084411621,-3.4899160861968994,1.9656224370002746,-3.04
2024,mobley_1075836,4.916033744812012,5.144125461578369,5.03007960319519,-2.93
2024,mobley_6102880,-8.451935768127441,-8.45192813873291,-8.451935450236002,-2.87
2024,mobley_1827204,-3.6570241451263428,-4.005275726318359,-3.1082359075546266,-2.81
2024,mobley_2146331,-0.3631375730037689,-0.3631375730037689,-0.3631375730037689,-2.75
2024,mobley_7943327,-4.5970869064331055,-1.828769564628601,-3.3996185541152952,-2.68
2024,mobley_5110043,-4.105775833129883,-4.105775833129883,-4.105775833129883,-2.63
2024,mobley_5616693,0.4493780732154846,-8.594918251037598,-3.5136427134275436,-2.53
2024,mobley_6619554,-3.0891854763031006,-9.549396514892578,-5.4815661907196045,-2.49
2024,mobley_6359156,-28.673860549926758,-28.673664093017578,-28.673762321472168,-2.46
2024,mobley_1781152,39.47028350830078,39.47028350830078,39.47028350830078,-2.4
2024,mobley_859464,3.0506808757781982,3.0506808757781982,4.2649514228105545,-2.36
2024,mobley_7150646,-4.311363697052002,-4.311363697052002,-4.311363697052002,-2.3
2024,mobley_1592519,-5.477816104888916,-5.527243137359619,-5.387748432159424,-2.23
2024,mobley_5538249,-168.2223663330078,-168.2223663330078,-168.2223663330078,-2.16
2024,mobley_6911232,0.9446755647659302,0.9446755647659302,1.753559410572052,-2.1
2024,mobley_3269565,7.896667003631592,7.896667003631592,7.896667003631592,-2.01
2024,mobley_2484519,-31.363849639892578,-31.363849639892578,-31.363849639892578,-1.93
2024,mobley_7690440,-93.7562255859375,-93.7562255859375,-93.75630950927734,-1.83
2024,mobley_3802803,-180.74021911621094,-180.74021911621094,-191.20071105957032,-1.66
2024,mobley_1144156,1.5587562322616577,1.5587562322616577,3.5495379865169525,-1.59
2024,mobley_2481002,-353.3510437011719,-353.3510437011719,-353.3510437011719,-1.45
2024,mobley_2489709,-135.85409545898438,-135.85409545898438,-135.85409545898438,-1.36
2024,mobley_5052949,-9.250176429748535,-9.250176429748535,-8.72978105545044,-1.28
2024,mobley_2492140,-296.1203918457031,-296.1203918457031,-296.1203918457031,-1.23
2024,mobley_7542832,-5.159804344177246,-5.159804344177246,-2.055537247657776,-1.16
2024,mobley_7814642,-147.25860595703125,-147.25860595703125,-147.25860595703125,-1.12
2024,mobley_1563176,0.03464594855904579,-1.7403545379638672,-2.4183286046609282,-0.99
2024,mobley_1873346,-0.23182357847690582,-0.23182357847690582,-0.23182357847690582,-0.9
2024,mobley_3040612,-5.481558799743652,-5.481558799743652,-5.481446266174316,-0.85
2024,mobley_4483973,-5.561583042144775,-5.561583042144775,-5.561583042144775,-0.8
2024,mobley_9913368,-71.17072296142578,-71.17072296142578,-71.17072296142578,-0.78
2024,mobley_1449384,-2.6750576496124268,-2.6750576496124268,-2.6750576496124268,-0.68
2024,mobley_7708038,3.018178939819336,3.018178939819336,3.018178939819336,-0.56
2024,mobley_8311321,-55.09821701049805,-55.09821701049805,-55.09821701049805,-0.5
2024,mobley_766666,-148.9700927734375,-148.9700927734375,-148.9700927734375,-0.44
2024,mobley_5445548,-3.7330331802368164,-3.7330331802368164,-3.7330331802368164,-0.3
2024,mobley_9029594,7.054473400115967,7.054473400115967,7.054473400115967,-0.22
2024,mobley_3370989,-37.1334114074707,-37.1334114074707,-37.1334114074707,-0.11
2024,mobley_627267,21.052127838134766,21.052127838134766,20.04830265045166,-0.03
2024,mobley_6250025,-3.917391538619995,-3.604245662689209,-2.0169321969151497,0.08
2024,mobley_4252724,3.7202255725860596,3.7202255725860596,3.7202255725860596,0.16
2024,mobley_7157427,-27.60088539123535,-43.08279037475586,-30.537984085083007,0.29
2024,mobley_8885088,0.22634761035442352,0.22634761035442352,0.22634761035442352,0.56
2024,mobley_8522124,-4.8113932609558105,-3.8980326652526855,-3.6849979400634765,0.71
2024,mobley_4678740,-247.53604125976562,-247.53604125976562,-247.53604125976562,1.07
2024,mobley_2689721,-3.7986574172973633,-3.7986574172973633,-3.7986574172973633,1.23
2024,mobley_1662128,-0.612851083278656,-0.6128933429718018,-0.6128722131252289,1.38
2024,mobley_4762983,-3.3185458183288574,-3.5074634552001953,-2.6206495463848114,1.66
2024,mobley_7732703,-114.08003997802734,-114.08003997802734,-114.08003997802734,1.79
2024,mobley_2068538,6.450062274932861,6.450062274932861,6.450062274932861,2.0
2024,mobley_5157661,35.13132095336914,35.13132095336914,35.13132095336914,2.3
2024,mobley_1261349,74.43537139892578,74.43537139892578,74.43537139892578,2.51
2024,mobley_2328633,-2.9953033924102783,-2.9445059299468994,-4.203456687927246,2.55
2024,mobley_8436428,16.481901168823242,7.648066520690918,13.537357012430826,2.83
2024,mobley_3060426,65.78797149658203,28.859294891357422,47.323771476745605,2.93
2024,mobley_2197088,-4.526999473571777,-5.906291961669922,-4.867255020141601,3.16
999,mobley_9534740,-2.8697166442871094,-2.4177935123443604,-2.959382951259613,-25.47
999,mobley_6239320,-3.7809481620788574,-3.7809481620788574,-3.7809481620788574,-18.06
999,mobley_7794077,-3.779336452484131,-3.779336452484131,-3.779336452484131,-15.46
999,mobley_7415647,-1.3262333869934082,-1.3262333869934082,-1.3262699246406555,-11.95
999,mobley_1728386,-4.43892240524292,-4.43892240524292,-4.43892240524292,-11.0
999,mobley_2269032,-6.33087158203125,-7.305388927459717,-6.970350424448649,-10.21
999,mobley_2913224,-6.043384075164795,-6.043384075164795,-6.043375730514526,-9.94
999,mobley_2659552,-1.2829679250717163,-1.2252951860427856,-1.254131555557251,-9.76
999,mobley_7176290,-3.7155117988586426,-3.7155117988586426,-3.7155117988586426,-9.62
999,mobley_2295058,-2.755436897277832,-2.755436897277832,-2.755436897277832,-9.51
999,mobley_6055410,-7.957667827606201,-7.957667827606201,-7.870371182759603,-9.4
999,mobley_4639255,1.588740348815918,1.588740348815918,1.588740348815918,-9.3
999,mobley_1417007,-35.920440673828125,-35.920440673828125,-35.920416514078774,-9.01
999,mobley_6115639,3.9289395809173584,3.9289395809173584,3.928996205329895,-8.7
999,mobley_6353617,-3.4131693840026855,-3.4131693840026855,-3.4304317235946655,-8.26
999,mobley_2725215,-9.374025344848633,-9.374025344848633,-7.9541326522827145,-7.98
999,mobley_7039935,-3.6395132541656494,-3.6395132541656494,-3.6395132541656494,-7.67
999,mobley_4059279,-0.2782919406890869,-1.8545056581497192,-1.066398799419403,-7.58
999,mobley_951560,-0.7739330530166626,-0.7739330530166626,-0.7739330530166626,-7.4
999,mobley_1922649,-0.48760688304901123,-1.9984612464904785,-1.1993999421596526,-7.19
999,mobley_8798016,-3.9439549446105957,-3.9439549446105957,-3.9439549446105957,-7.0
999,mobley_1858644,-3.17171311378479,-3.17171311378479,-2.8657798767089844,-6.79
999,mobley_9114381,1.024156093597412,1.024156093597412,0.4281376115977764,-6.72
999,mobley_5311804,-2.287524700164795,-2.287524700164795,-2.287524700164795,-6.62
999,mobley_6743808,-3.93870210647583,-3.93870210647583,-3.93870210647583,-6.5
999,mobley_8789864,3.0145397186279297,3.0145397186279297,3.0145288705825806,-6.4
999,mobley_7009711,-5.1857476234436035,-5.1857476234436035,-5.1857476234436035,-6.27
999,mobley_8789465,-2.3385331630706787,-2.3385331630706787,-2.3385331630706787,-6.2
999,mobley_2923700,-4.195115089416504,-4.195115089416504,-4.195115089416504,-6.13
999,mobley_4780078,-1.869199514389038,-1.869199514389038,-1.869199514389038,-6.01
999,mobley_5467162,-4.45963716506958,-4.45963716506958,-4.45963716506958,-5.91
999,mobley_6257907,-6.869688034057617,-6.869688034057617,-6.869688034057617,-5.82
999,mobley_7913234,-0.7712177038192749,-1.441413164138794,-1.023980675637722,-5.73
999,mobley_5518547,-7.592057704925537,-7.592057704925537,-7.592057704925537,-5.57
999,mobley_4883284,-5.316381454467773,-5.316381454467773,-5.316381454467773,-5.49
999,mobley_5220185,-3.8201255798339844,-3.8201255798339844,-3.8202513456344604,-5.45
999,mobley_3359593,-4.372493743896484,-4.372493743896484,-4.4136693477630615,-5.26
999,mobley_4683624,-5.235803127288818,-5.221724033355713,-5.2264297803243,-5.21
999,mobley_1636752,2.053429365158081,2.053429365158081,2.053429365158081,-5.1
999,mobley_2310185,0.37963807582855225,0.37963807582855225,0.37963807582855225,-5.0
999,mobley_3682850,-1.3662115335464478,-1.3662115335464478,-1.3662115335464478,-4.91
999,mobley_1363784,-4.869505405426025,-4.869505405426025,-4.869505405426025,-4.84
999,mobley_2837389,-1.5737299919128418,-1.5737299919128418,-1.5737299919128418,-4.78
999,mobley_9507933,-5.690321922302246,-5.690321922302246,-5.690321922302246,-4.72
999,mobley_296847,-0.3129742741584778,-0.3129742741584778,-0.3129742741584778,-4.69
999,mobley_8208692,-11.500194549560547,-11.501422882080078,-11.500808715820312,-4.61
999,mobley_4884177,-3.1582181453704834,-3.1581876277923584,-3.158202886581421,-4.59
999,mobley_6714389,1.9990568161010742,1.9990568161010742,1.9990568161010742,-4.55
999,mobley_2245668,0.959989070892334,0.959989070892334,0.6424703449010849,-4.5
999,mobley_5973402,-0.8080629706382751,-0.8080629706382751,-0.06690070033073425,-4.42
999,mobley_3546460,-1.630576491355896,-1.3623995780944824,-1.4576702833175659,-4.4
999,mobley_8311303,-2.9681925773620605,-2.9681925773620605,-2.9681925773620605,-4.38
999,mobley_9741965,0.4107503294944763,0.4107503294944763,1.3430791944265366,-4.29
999,mobley_4603202,4.049174785614014,1.4478445053100586,2.765085756778717,-4.23
999,mobley_628086,0.6683989763259888,0.6683989763259888,0.6683989763259888,-4.16
999,mobley_4620651,-0.3008008897304535,0.12403367459774017,-0.08838360756635666,-4.1
999,mobley_7977115,-0.6181684136390686,-1.0800502300262451,-0.5303482462962469,-4.06
999,mobley_2789243,-1.5381062030792236,-1.5381062030792236,-1.5381062030792236,-4.01
999,mobley_3968739,0.15733271837234497,0.15733271837234497,0.15733271837234497,-3.92
999,mobley_63712,-0.678188681602478,-0.678188681602478,-0.678188681602478,-3.88
999,mobley_1046331,-2.7903599739074707,-2.7903599739074707,-2.7903599739074707,-3.82
999,mobley_1160109,-5.832942008972168,-5.832942008972168,-4.436849196751912,-3.75
999,mobley_4149784,-4.5213303565979,-4.5213303565979,-4.5213303565979,-3.67
999,mobley_397645,-1.6321065425872803,-1.7231703996658325,-1.6928170522054036,-3.64
999,mobley_4690963,1.390480875968933,-0.48905864357948303,0.23350994661450386,-3.54
999,mobley_1967551,-1.6960899829864502,-1.6960899829864502,-1.6960899829864502,-3.5
999,mobley_6733657,-19.610145568847656,-19.610145568847656,-19.610145568847656,-3.44
999,mobley_9565165,-4.915423393249512,-4.915423393249512,-4.915423393249512,-3.35
999,mobley_2487143,0.3939465880393982,0.3939465880393982,0.06314145028591156,-3.28
999,mobley_8449031,0.18805494904518127,0.4839304983615875,-0.12391191720962524,-3.22
999,mobley_172879,-2.5290071964263916,-2.5290071964263916,-2.5290071964263916,-3.15
999,mobley_5346580,-1.6490776538848877,-1.6490776538848877,-1.6490776538848877,-3.11
999,mobley_3573480,-0.5852504968643188,-1.0593338012695312,-0.6569964528083801,-3.04
999,mobley_1075836,2.1668617725372314,1.8680729866027832,2.0174673795700073,-2.93
999,mobley_6102880,-1.3555725812911987,-1.355605959892273,-1.3556021054585774,-2.87
999,mobley_1827204,-2.914320945739746,-2.7891032695770264,-2.3922513723373413,-2.81
999,mobley_2146331,-2.38017201423645,-2.38017201423645,-2.38017201423645,-2.75
999,mobley_7943327,0.4027414619922638,0.33410125970840454,0.07475788444280625,-2.68
999,mobley_5110043,-6.965338230133057,-6.965338230133057,-6.965338230133057,-2.63
999,mobley_5616693,-4.77659797668457,-3.675093412399292,-4.040379285812378,-2.53
999,mobley_6619554,-1.5202418565750122,-0.8857525587081909,-1.0216000199317932,-2.49
999,mobley_6359156,-0.9461749792098999,-0.9461758136749268,-0.9461753964424133,-2.46
999,mobley_1781152,-0.025752443820238113,-0.025752443820238113,-0.025752443820238113,-2.4
999,mobley_859464,-1.2416183948516846,-1.2416183948516846,-1.3797090947628021,-2.36
999,mobley_7150646,-1.6192630529403687,-1.6192630529403687,-1.6192630529403687,-2.3
999,mobley_1592519,-2.036763906478882,-1.9993749856948853,-1.886652374267578,-2.23
999,mobley_5538249,-1.1953506469726562,-1.1953506469726562,-1.1953506469726562,-2.16
999,mobley_6911232,3.296501874923706,3.296501874923706,2.4045920968055725,-2.1
999,mobley_3269565,3.1940507888793945,3.1940507888793945,3.1940507888793945,-2.01
999,mobley_2484519,-0.21264055371284485,-0.21264055371284485,-0.21264055371284485,-1.93
999,mobley_7690440,1.4611834287643433,1.4611834287643433,1.461192011833191,-1.83
999,mobley_3802803,-1.7209112644195557,-1.7209112644195557,0.15282151699066163,-1.66
999,mobley_1144156,2.0092661380767822,2.0092661380767822,1.0349950641393661,-1.59
999,mobley_2481002,-42.460201263427734,-42.460201263427734,-42.460201263427734,-1.45
999,mobley_2489709,0.4239015579223633,0.4239015579223633,0.4239015579223633,-1.36
999,mobley_5052949,-1.0445853471755981,-1.0445853471755981,0.3164658421650529,-1.28
999,mobley_2492140,-64.24256134033203,-64.24256134033203,-64.24256134033203,-1.23
999,mobley_7542832,0.5407634973526001,0.5407634973526001,0.394049334526062,-1.16
999,mobley_7814642,-1.5628345012664795,-1.5628345012664795,-1.5628345012664795,-1.12
999,mobley_1563176,-0.29007792472839355,1.8063660860061646,1.116264820098877,-0.99
999,mobley_1873346,-1.2150938510894775,-1.2150938510894775,-1.2150938510894775,-0.9
999,mobley_3040612,-1.6812264919281006,-1.6812264919281006,-1.6812185645103455,-0.85
999,mobley_4483973,0.643051266670227,0.643051266670227,0.643051266670227,-0.8
999,mobley_9913368,-0.757477879524231,-0.757477879524231,-0.757477879524231,-0.78
999,mobley_1449384,-3.1426329612731934,-3.1426329612731934,-3.1426329612731934,-0.68
999,mobley_7708038,0.816099226474762,0.816099226474762,0.816099226474762,-0.56
999,mobley_8311321,-0.9300404787063599,-0.9300404787063599,-0.9300404787063599,-0.5
999,mobley_766666,-3.45963454246521,-3.45963454246521,-3.45963454246521,-0.44
999,mobley_5445548,-1.0532866716384888,-1.0532866716384888,-1.0532866716384888,-0.3
999,mobley_9029594,-0.24728068709373474,-0.24728068709373474,-0.24728068709373474,-0.22
999,mobley_3370989,-2.342891216278076,-2.342891216278076,-2.342891216278076,-0.11
999,mobley_627267,0.6003445982933044,0.6003445982933044,0.8250292837619781,-0.03
999,mobley_6250025,-2.531339168548584,-1.7338969707489014,-1.7422367632389069,0.08
999,mobley_4252724,-3.1057074069976807,-3.1057074069976807,-3.1057074069976807,0.16
999,mobley_7157427,-2.1568825244903564,-0.3449670672416687,-1.229411518573761,0.29
999,mobley_8885088,-0.2870398759841919,-0.2870398759841919,-0.2870398759841919,0.56
999,mobley_8522124,-3.8010458946228027,-1.7166368961334229,-2.4120887994766234,0.71
999,mobley_4678740,-1.1156965494155884,-1.1156965494155884,-1.1156965494155884,1.07
999,mobley_2689721,-1.903496503829956,-1.903496503829956,-1.903496503829956,1.23
999,mobley_1662128,1.260676622390747,1.2606849670410156,1.2606807947158813,1.38
999,mobley_4762983,-2.203007936477661,-1.4895604848861694,-1.4289646409451962,1.66
999,mobley_7732703,-0.26573488116264343,-0.26573488116264343,-0.26573488116264343,1.79
999,mobley_2068538,1.2322102785110474,1.2322102785110474,1.2322102785110474,2.0
999,mobley_5157661,1.467353105545044,1.467353105545044,1.467353105545044,2.3
999,mobley_1261349,-1.1258193254470825,-1.1258193254470825,-1.1258193254470825,2.51
999,mobley_2328633,-5.602416515350342,-6.207400321960449,-5.2760419845581055,2.55
999,mobley_8436428,-0.8488523960113525,-0.1281713843345642,-0.6086286306381226,2.83
999,mobley_3060426,-5.023213863372803,-5.577929496765137,-5.300568342208862,2.93
999,mobley_2197088,-3.688480854034424,-2.631279706954956,-3.3096490859985352,3.16
